repo_name,repo_owner,repo_full_name,commit,date,status,filename,file_ext,blob_hash,size_bytes,size_MB,eid_occ,filename_occ,total_occ,unique_occ,repo_link,raw_link,file_link,found_ids,refs,old_filename,Decision,Justification
ukbb_str_pipeline,chrisclarkson,chrisclarkson/ukbb_str_pipeline,844746a07aaf02796e6ca377887d104fbaed08c6,11/02/2026,added,htt_statistical_analysis/dating_and_threshold_ukbb_columns_sourced.tsv,text/tab-separated-values,113163c5386dbf25dee25d80d97db88054ece346,720294.0,0.686,282.0,0,282,14.0,https://github.com/chrisclarkson/ukbb_str_pipeline,https://raw.githubusercontent.com/chrisclarkson/ukbb_str_pipeline/844746a07aaf02796e6ca377887d104fbaed08c6/htt_statistical_analysis/dating_and_threshold_ukbb_columns_sourced.tsv,https://github.com/chrisclarkson/ukbb_str_pipeline/blob/844746a07aaf02796e6ca377887d104fbaed08c6/htt_statistical_analysis/dating_and_threshold_ukbb_columns_sourced.tsv,"{""2142531"": 225, ""1376249"": 12, ""1305207"": 12, ""1315350"": 12, ""1158045"": 12}",,,,
ukbb_str_pipeline,chrisclarkson,chrisclarkson/ukbb_str_pipeline,22c0904bff860db1ee6abdc1db7bc4d38ea53228,04/02/2026,added,statistical_analysis/dating_and_threshold_ukbb_columns.tsv,text/tab-separated-values,84fe32e11d14141b401860e9583627ab1a4cc87b,75587.0,0.072,28.0,0,28,14.0,https://github.com/chrisclarkson/ukbb_str_pipeline,https://raw.githubusercontent.com/chrisclarkson/ukbb_str_pipeline/22c0904bff860db1ee6abdc1db7bc4d38ea53228/statistical_analysis/dating_and_threshold_ukbb_columns.tsv,https://github.com/chrisclarkson/ukbb_str_pipeline/blob/22c0904bff860db1ee6abdc1db7bc4d38ea53228/statistical_analysis/dating_and_threshold_ukbb_columns.tsv,"{""2142531"": 15, ""1376250"": 1, ""1289304"": 1, ""1145929"": 1, ""2672038"": 1}",,,,
ukbb_str_pipeline,chrisclarkson,chrisclarkson/ukbb_str_pipeline,6953198ecbe3d6abcedba9aa95739b0f8a50cb58,04/02/2026,renamed_similarity_100%,htt_statistical_analysis/dating_and_threshold_ukbb_columns.tsv,text/tab-separated-values,84fe32e11d14141b401860e9583627ab1a4cc87b,75587.0,0.072,28.0,0,28,14.0,https://github.com/chrisclarkson/ukbb_str_pipeline,https://raw.githubusercontent.com/chrisclarkson/ukbb_str_pipeline/6953198ecbe3d6abcedba9aa95739b0f8a50cb58/htt_statistical_analysis/dating_and_threshold_ukbb_columns.tsv,https://github.com/chrisclarkson/ukbb_str_pipeline/blob/6953198ecbe3d6abcedba9aa95739b0f8a50cb58/htt_statistical_analysis/dating_and_threshold_ukbb_columns.tsv,"{""2142531"": 15, ""1376250"": 1, ""1289304"": 1, ""1145929"": 1, ""2672038"": 1}",,dating_and_threshold_ukbb_columns.tsv,,
ukbb_str_pipeline,chrisclarkson,chrisclarkson/ukbb_str_pipeline,58a099e06f551ab44fe46a19e3d1075821fd6287,04/02/2026,added,dating_and_threshold_ukbb_columns.tsv,text/tab-separated-values,84fe32e11d14141b401860e9583627ab1a4cc87b,75587.0,0.072,28.0,0,28,14.0,https://github.com/chrisclarkson/ukbb_str_pipeline,https://raw.githubusercontent.com/chrisclarkson/ukbb_str_pipeline/58a099e06f551ab44fe46a19e3d1075821fd6287/dating_and_threshold_ukbb_columns.tsv,https://github.com/chrisclarkson/ukbb_str_pipeline/blob/58a099e06f551ab44fe46a19e3d1075821fd6287/dating_and_threshold_ukbb_columns.tsv,"{""2142531"": 15, ""1376250"": 1, ""1289304"": 1, ""1145929"": 1, ""2672038"": 1}",,,,
ukbb_str_pipeline,chrisclarkson,chrisclarkson/ukbb_str_pipeline,844746a07aaf02796e6ca377887d104fbaed08c6,11/02/2026,added,htt_statistical_analysis/annotated.tsv,text/tab-separated-values,40476ddb7bbb514cfc6784892bb0fb215e1ee3ef,61292.0,0.058,16.0,0,16,2.0,https://github.com/chrisclarkson/ukbb_str_pipeline,https://raw.githubusercontent.com/chrisclarkson/ukbb_str_pipeline/844746a07aaf02796e6ca377887d104fbaed08c6/htt_statistical_analysis/annotated.tsv,https://github.com/chrisclarkson/ukbb_str_pipeline/blob/844746a07aaf02796e6ca377887d104fbaed08c6/htt_statistical_analysis/annotated.tsv,"{""2142531"": 15, ""1376249"": 1}",,,,
ukbb_str_pipeline,chrisclarkson,chrisclarkson/ukbb_str_pipeline,2d9149cef345d36010261938230a1d7f9cd91a33,02/10/2025,added,README.md,unknown,e43e7dd5baabd5c9285796a6882a7c59dd1e4f21,3214.0,0.003,4.0,0,4,1.0,https://github.com/chrisclarkson/ukbb_str_pipeline,https://raw.githubusercontent.com/chrisclarkson/ukbb_str_pipeline/2d9149cef345d36010261938230a1d7f9cd91a33/README.md,https://github.com/chrisclarkson/ukbb_str_pipeline/blob/2d9149cef345d36010261938230a1d7f9cd91a33/README.md,"{""1262532"": 4}",,,,
ukbb_str_pipeline,chrisclarkson,chrisclarkson/ukbb_str_pipeline,6bdc968c04ece243df771e776d9c24dd70ee989c,23/01/2026,modified,README.md,unknown,5b573e5ef3a29edddc67eaedfc3c7ddcdaadefbc,3211.0,0.003,1.0,0,1,1.0,https://github.com/chrisclarkson/ukbb_str_pipeline,https://raw.githubusercontent.com/chrisclarkson/ukbb_str_pipeline/6bdc968c04ece243df771e776d9c24dd70ee989c/README.md,https://github.com/chrisclarkson/ukbb_str_pipeline/blob/6bdc968c04ece243df771e776d9c24dd70ee989c/README.md,"{""1262532"": 1}",,,,
ukbb_str_pipeline,chrisclarkson,chrisclarkson/ukbb_str_pipeline,2d9149cef345d36010261938230a1d7f9cd91a33,02/10/2025,added,pileup_graph_aligner/dxapp.json,application/json,a071c4415342a9a7dcdaeeb40595de0790c6a1c3,1960.0,0.001,1.0,0,1,1.0,https://github.com/chrisclarkson/ukbb_str_pipeline,https://raw.githubusercontent.com/chrisclarkson/ukbb_str_pipeline/2d9149cef345d36010261938230a1d7f9cd91a33/pileup_graph_aligner/dxapp.json,https://github.com/chrisclarkson/ukbb_str_pipeline/blob/2d9149cef345d36010261938230a1d7f9cd91a33/pileup_graph_aligner/dxapp.json,"{""1000214"": 1}",,,,
ukbb_str_pipeline,chrisclarkson,chrisclarkson/ukbb_str_pipeline,2d9149cef345d36010261938230a1d7f9cd91a33,02/10/2025,added,pileup_graph_aligner/resources/usr/bin/GraphAlignmentViewer/__init__.py,text/x-python,e69de29bb2d1d6434b8b29ae775ad8c2e48c5391,0.0,0.0,0.0,0,0,0.0,https://github.com/chrisclarkson/ukbb_str_pipeline,https://raw.githubusercontent.com/chrisclarkson/ukbb_str_pipeline/2d9149cef345d36010261938230a1d7f9cd91a33/pileup_graph_aligner/resources/usr/bin/GraphAlignmentViewer/__init__.py,https://github.com/chrisclarkson/ukbb_str_pipeline/blob/2d9149cef345d36010261938230a1d7f9cd91a33/pileup_graph_aligner/resources/usr/bin/GraphAlignmentViewer/__init__.py,,,,,
ukbb_str_pipeline,chrisclarkson,chrisclarkson/ukbb_str_pipeline,2d9149cef345d36010261938230a1d7f9cd91a33,02/10/2025,added,pileup_graph_aligner/resources/usr/bin/GraphAlignmentViewer/images/GB18_mother.png,image/png,e79d52cd2dd851ecfdc9e2a85658d597cc327df8,386533.0,0.368,nan,0,0,0.0,https://github.com/chrisclarkson/ukbb_str_pipeline,https://raw.githubusercontent.com/chrisclarkson/ukbb_str_pipeline/2d9149cef345d36010261938230a1d7f9cd91a33/pileup_graph_aligner/resources/usr/bin/GraphAlignmentViewer/images/GB18_mother.png,https://github.com/chrisclarkson/ukbb_str_pipeline/blob/2d9149cef345d36010261938230a1d7f9cd91a33/pileup_graph_aligner/resources/usr/bin/GraphAlignmentViewer/images/GB18_mother.png,,,,,
ukbb_str_pipeline,chrisclarkson,chrisclarkson/ukbb_str_pipeline,2d9149cef345d36010261938230a1d7f9cd91a33,02/10/2025,added,pileup_graph_aligner/resources/usr/bin/GraphAlignmentViewer/seq_util.py,text/x-python,ae524ce3aef89b648a18e83c10f051de0876006f,4655.0,0.004,0.0,0,0,0.0,https://github.com/chrisclarkson/ukbb_str_pipeline,https://raw.githubusercontent.com/chrisclarkson/ukbb_str_pipeline/2d9149cef345d36010261938230a1d7f9cd91a33/pileup_graph_aligner/resources/usr/bin/GraphAlignmentViewer/seq_util.py,https://github.com/chrisclarkson/ukbb_str_pipeline/blob/2d9149cef345d36010261938230a1d7f9cd91a33/pileup_graph_aligner/resources/usr/bin/GraphAlignmentViewer/seq_util.py,,,,,
ukbb_str_pipeline,chrisclarkson,chrisclarkson/ukbb_str_pipeline,2d9149cef345d36010261938230a1d7f9cd91a33,02/10/2025,added,pileup_graph_aligner/resources/usr/bin/GraphAlignmentViewer/ReferenceNode.py,text/x-python,41c24a1c4c1afb2ca19ec97b020fbc0487a4a494,1501.0,0.001,0.0,0,0,0.0,https://github.com/chrisclarkson/ukbb_str_pipeline,https://raw.githubusercontent.com/chrisclarkson/ukbb_str_pipeline/2d9149cef345d36010261938230a1d7f9cd91a33/pileup_graph_aligner/resources/usr/bin/GraphAlignmentViewer/ReferenceNode.py,https://github.com/chrisclarkson/ukbb_str_pipeline/blob/2d9149cef345d36010261938230a1d7f9cd91a33/pileup_graph_aligner/resources/usr/bin/GraphAlignmentViewer/ReferenceNode.py,,,,,
ukbb_str_pipeline,chrisclarkson,chrisclarkson/ukbb_str_pipeline,2d9149cef345d36010261938230a1d7f9cd91a33,02/10/2025,added,pileup_graph_aligner/src/pileup_graph_aligner.sh,application/x-sh,7746d911a7d16ccb661a5d5dd3db705ccb6a422e,2510.0,0.002,0.0,0,0,0.0,https://github.com/chrisclarkson/ukbb_str_pipeline,https://raw.githubusercontent.com/chrisclarkson/ukbb_str_pipeline/2d9149cef345d36010261938230a1d7f9cd91a33/pileup_graph_aligner/src/pileup_graph_aligner.sh,https://github.com/chrisclarkson/ukbb_str_pipeline/blob/2d9149cef345d36010261938230a1d7f9cd91a33/pileup_graph_aligner/src/pileup_graph_aligner.sh,,,,,
ukbb_str_pipeline,chrisclarkson,chrisclarkson/ukbb_str_pipeline,2d9149cef345d36010261938230a1d7f9cd91a33,02/10/2025,added,pileup_graph_aligner/resources/usr/bin/GraphAlignmentViewer/ReadAlignment.py,text/x-python,32528278cf3c78a8c8ddcade593886bdfc4758f9,2105.0,0.002,0.0,0,0,0.0,https://github.com/chrisclarkson/ukbb_str_pipeline,https://raw.githubusercontent.com/chrisclarkson/ukbb_str_pipeline/2d9149cef345d36010261938230a1d7f9cd91a33/pileup_graph_aligner/resources/usr/bin/GraphAlignmentViewer/ReadAlignment.py,https://github.com/chrisclarkson/ukbb_str_pipeline/blob/2d9149cef345d36010261938230a1d7f9cd91a33/pileup_graph_aligner/resources/usr/bin/GraphAlignmentViewer/ReadAlignment.py,,,,,
ukbb_str_pipeline,chrisclarkson,chrisclarkson/ukbb_str_pipeline,2d9149cef345d36010261938230a1d7f9cd91a33,02/10/2025,added,pileup_graph_aligner/resources/usr/bin/GraphAlignmentViewer/README.md,unknown,eaf86f8dde7009b9975e8e6b456408c3a9f1ab3b,6816.0,0.006,0.0,0,0,0.0,https://github.com/chrisclarkson/ukbb_str_pipeline,https://raw.githubusercontent.com/chrisclarkson/ukbb_str_pipeline/2d9149cef345d36010261938230a1d7f9cd91a33/pileup_graph_aligner/resources/usr/bin/GraphAlignmentViewer/README.md,https://github.com/chrisclarkson/ukbb_str_pipeline/blob/2d9149cef345d36010261938230a1d7f9cd91a33/pileup_graph_aligner/resources/usr/bin/GraphAlignmentViewer/README.md,,,,,
ukbb_str_pipeline,chrisclarkson,chrisclarkson/ukbb_str_pipeline,2d9149cef345d36010261938230a1d7f9cd91a33,02/10/2025,added,prepare_data_for_pca/.DS_Store,unknown,9c214182c083884490fbb27b2814949298bc6592,8196.0,0.007,nan,0,0,0.0,https://github.com/chrisclarkson/ukbb_str_pipeline,https://raw.githubusercontent.com/chrisclarkson/ukbb_str_pipeline/2d9149cef345d36010261938230a1d7f9cd91a33/prepare_data_for_pca/.DS_Store,https://github.com/chrisclarkson/ukbb_str_pipeline/blob/2d9149cef345d36010261938230a1d7f9cd91a33/prepare_data_for_pca/.DS_Store,,,,,
ukbb_str_pipeline,chrisclarkson,chrisclarkson/ukbb_str_pipeline,2d9149cef345d36010261938230a1d7f9cd91a33,02/10/2025,added,pileup_graph_aligner/resources/usr/bin/GraphAlignmentViewer/PathWithInsertions.py,text/x-python,6624bfde65edaed54d9f33a0dcc14f489e4abdd8,7470.0,0.007,0.0,0,0,0.0,https://github.com/chrisclarkson/ukbb_str_pipeline,https://raw.githubusercontent.com/chrisclarkson/ukbb_str_pipeline/2d9149cef345d36010261938230a1d7f9cd91a33/pileup_graph_aligner/resources/usr/bin/GraphAlignmentViewer/PathWithInsertions.py,https://github.com/chrisclarkson/ukbb_str_pipeline/blob/2d9149cef345d36010261938230a1d7f9cd91a33/pileup_graph_aligner/resources/usr/bin/GraphAlignmentViewer/PathWithInsertions.py,,,,,
ukbb_str_pipeline,chrisclarkson,chrisclarkson/ukbb_str_pipeline,2d9149cef345d36010261938230a1d7f9cd91a33,02/10/2025,added,prepare_data_for_pca/Readme.developer.md,unknown,5b53786cd71ecd4ea357f779a752f2657032da2e,900.0,0.0,0.0,0,0,0.0,https://github.com/chrisclarkson/ukbb_str_pipeline,https://raw.githubusercontent.com/chrisclarkson/ukbb_str_pipeline/2d9149cef345d36010261938230a1d7f9cd91a33/prepare_data_for_pca/Readme.developer.md,https://github.com/chrisclarkson/ukbb_str_pipeline/blob/2d9149cef345d36010261938230a1d7f9cd91a33/prepare_data_for_pca/Readme.developer.md,,,,,
ukbb_str_pipeline,chrisclarkson,chrisclarkson/ukbb_str_pipeline,2d9149cef345d36010261938230a1d7f9cd91a33,02/10/2025,added,pileup_graph_aligner/resources/usr/bin/GraphAlignmentViewer/NodeInsertionList.py,text/x-python,7f058d65f3a2639a22498afdafc03da19be5d45a,6646.0,0.006,0.0,0,0,0.0,https://github.com/chrisclarkson/ukbb_str_pipeline,https://raw.githubusercontent.com/chrisclarkson/ukbb_str_pipeline/2d9149cef345d36010261938230a1d7f9cd91a33/pileup_graph_aligner/resources/usr/bin/GraphAlignmentViewer/NodeInsertionList.py,https://github.com/chrisclarkson/ukbb_str_pipeline/blob/2d9149cef345d36010261938230a1d7f9cd91a33/pileup_graph_aligner/resources/usr/bin/GraphAlignmentViewer/NodeInsertionList.py,,,,,
ukbb_str_pipeline,chrisclarkson,chrisclarkson/ukbb_str_pipeline,2d9149cef345d36010261938230a1d7f9cd91a33,02/10/2025,added,pileup_graph_aligner/resources/usr/bin/GraphAlignmentViewer/GraphAlignmentViewer.py,text/x-python,6d3d1f8d6312bd540ca15115d9224c7971de7ebd,46460.0,0.044,0.0,0,0,0.0,https://github.com/chrisclarkson/ukbb_str_pipeline,https://raw.githubusercontent.com/chrisclarkson/ukbb_str_pipeline/2d9149cef345d36010261938230a1d7f9cd91a33/pileup_graph_aligner/resources/usr/bin/GraphAlignmentViewer/GraphAlignmentViewer.py,https://github.com/chrisclarkson/ukbb_str_pipeline/blob/2d9149cef345d36010261938230a1d7f9cd91a33/pileup_graph_aligner/resources/usr/bin/GraphAlignmentViewer/GraphAlignmentViewer.py,,,,,
ukbb_str_pipeline,chrisclarkson,chrisclarkson/ukbb_str_pipeline,2d9149cef345d36010261938230a1d7f9cd91a33,02/10/2025,added,pileup_graph_aligner/resources/usr/bin/.DS_Store,unknown,c1cc1b241d2eb437735210bbb9f6ced660debfa7,6148.0,0.005,nan,0,0,0.0,https://github.com/chrisclarkson/ukbb_str_pipeline,https://raw.githubusercontent.com/chrisclarkson/ukbb_str_pipeline/2d9149cef345d36010261938230a1d7f9cd91a33/pileup_graph_aligner/resources/usr/bin/.DS_Store,https://github.com/chrisclarkson/ukbb_str_pipeline/blob/2d9149cef345d36010261938230a1d7f9cd91a33/pileup_graph_aligner/resources/usr/bin/.DS_Store,,,,,
ukbb_str_pipeline,chrisclarkson,chrisclarkson/ukbb_str_pipeline,2d9149cef345d36010261938230a1d7f9cd91a33,02/10/2025,added,pileup_graph_aligner/resources/usr/.DS_Store,unknown,6f1885e2529d48a85c93d8d62632b4bb05bb4c11,6148.0,0.005,nan,0,0,0.0,https://github.com/chrisclarkson/ukbb_str_pipeline,https://raw.githubusercontent.com/chrisclarkson/ukbb_str_pipeline/2d9149cef345d36010261938230a1d7f9cd91a33/pileup_graph_aligner/resources/usr/.DS_Store,https://github.com/chrisclarkson/ukbb_str_pipeline/blob/2d9149cef345d36010261938230a1d7f9cd91a33/pileup_graph_aligner/resources/usr/.DS_Store,,,,,
ukbb_str_pipeline,chrisclarkson,chrisclarkson/ukbb_str_pipeline,2d9149cef345d36010261938230a1d7f9cd91a33,02/10/2025,added,pileup_graph_aligner/resources/.DS_Store,unknown,362865eca3207d5cd876b0a1fd9e529c73084205,8196.0,0.007,nan,0,0,0.0,https://github.com/chrisclarkson/ukbb_str_pipeline,https://raw.githubusercontent.com/chrisclarkson/ukbb_str_pipeline/2d9149cef345d36010261938230a1d7f9cd91a33/pileup_graph_aligner/resources/.DS_Store,https://github.com/chrisclarkson/ukbb_str_pipeline/blob/2d9149cef345d36010261938230a1d7f9cd91a33/pileup_graph_aligner/resources/.DS_Store,,,,,
ukbb_str_pipeline,chrisclarkson,chrisclarkson/ukbb_str_pipeline,2d9149cef345d36010261938230a1d7f9cd91a33,02/10/2025,added,pileup_graph_aligner/resources/usr/bin/GraphAlignmentViewer/ReferenceGraph.py,text/x-python,01c99d7b58852bb4c29f30a4dff3a1f42c8f7483,7412.0,0.007,0.0,0,0,0.0,https://github.com/chrisclarkson/ukbb_str_pipeline,https://raw.githubusercontent.com/chrisclarkson/ukbb_str_pipeline/2d9149cef345d36010261938230a1d7f9cd91a33/pileup_graph_aligner/resources/usr/bin/GraphAlignmentViewer/ReferenceGraph.py,https://github.com/chrisclarkson/ukbb_str_pipeline/blob/2d9149cef345d36010261938230a1d7f9cd91a33/pileup_graph_aligner/resources/usr/bin/GraphAlignmentViewer/ReferenceGraph.py,,,,,
ukbb_str_pipeline,chrisclarkson,chrisclarkson/ukbb_str_pipeline,6da5db652ff2977a95788c9d29f0a6977b1a86da,11/02/2026,renamed_similarity_100%,brain_imaging/brain_imaging_columns.tsv,text/tab-separated-values,762145852ff6f1155691ecd309d0cd10b36f4ab7,346145.0,0.33,0.0,0,0,0.0,https://github.com/chrisclarkson/ukbb_str_pipeline,https://raw.githubusercontent.com/chrisclarkson/ukbb_str_pipeline/6da5db652ff2977a95788c9d29f0a6977b1a86da/brain_imaging/brain_imaging_columns.tsv,https://github.com/chrisclarkson/ukbb_str_pipeline/blob/6da5db652ff2977a95788c9d29f0a6977b1a86da/brain_imaging/brain_imaging_columns.tsv,," (HEAD -> main, origin/main)",brain_imaging_columns.tsv,,
ukbb_str_pipeline,chrisclarkson,chrisclarkson/ukbb_str_pipeline,2d9149cef345d36010261938230a1d7f9cd91a33,02/10/2025,added,prepare_data_for_pca/dxapp.json,application/json,c2076ce7aebec6c3775557f4a50c3765ea9e4834,1831.0,0.001,0.0,0,0,0.0,https://github.com/chrisclarkson/ukbb_str_pipeline,https://raw.githubusercontent.com/chrisclarkson/ukbb_str_pipeline/2d9149cef345d36010261938230a1d7f9cd91a33/prepare_data_for_pca/dxapp.json,https://github.com/chrisclarkson/ukbb_str_pipeline/blob/2d9149cef345d36010261938230a1d7f9cd91a33/prepare_data_for_pca/dxapp.json,,,,,
ukbb_str_pipeline,chrisclarkson,chrisclarkson/ukbb_str_pipeline,2d9149cef345d36010261938230a1d7f9cd91a33,02/10/2025,added,ehv5_multi_original/resources/usr/bin/.DS_Store,unknown,5008ddfcf53c02e82d7eee2e57c38e5672ef89f6,6148.0,0.005,nan,0,0,0.0,https://github.com/chrisclarkson/ukbb_str_pipeline,https://raw.githubusercontent.com/chrisclarkson/ukbb_str_pipeline/2d9149cef345d36010261938230a1d7f9cd91a33/ehv5_multi_original/resources/usr/bin/.DS_Store,https://github.com/chrisclarkson/ukbb_str_pipeline/blob/2d9149cef345d36010261938230a1d7f9cd91a33/ehv5_multi_original/resources/usr/bin/.DS_Store,,,,,
ukbb_str_pipeline,chrisclarkson,chrisclarkson/ukbb_str_pipeline,2d9149cef345d36010261938230a1d7f9cd91a33,02/10/2025,added,ehv3_multi_original/src/ExpHunterV5.sh,application/x-sh,927786d2bd261206ae7bca2aeb53a2d7dd18d033,3060.0,0.002,0.0,0,0,0.0,https://github.com/chrisclarkson/ukbb_str_pipeline,https://raw.githubusercontent.com/chrisclarkson/ukbb_str_pipeline/2d9149cef345d36010261938230a1d7f9cd91a33/ehv3_multi_original/src/ExpHunterV5.sh,https://github.com/chrisclarkson/ukbb_str_pipeline/blob/2d9149cef345d36010261938230a1d7f9cd91a33/ehv3_multi_original/src/ExpHunterV5.sh,,,,,
ukbb_str_pipeline,chrisclarkson,chrisclarkson/ukbb_str_pipeline,2d9149cef345d36010261938230a1d7f9cd91a33,02/10/2025,added,ehv5_multi_original/.DS_Store,unknown,e7c3c76bb2022daf33671318913c16384313d19f,10244.0,0.009,nan,0,0,0.0,https://github.com/chrisclarkson/ukbb_str_pipeline,https://raw.githubusercontent.com/chrisclarkson/ukbb_str_pipeline/2d9149cef345d36010261938230a1d7f9cd91a33/ehv5_multi_original/.DS_Store,https://github.com/chrisclarkson/ukbb_str_pipeline/blob/2d9149cef345d36010261938230a1d7f9cd91a33/ehv5_multi_original/.DS_Store,,,,,
ukbb_str_pipeline,chrisclarkson,chrisclarkson/ukbb_str_pipeline,2d9149cef345d36010261938230a1d7f9cd91a33,02/10/2025,added,ehv5_multi_original/Readme.developer.md,unknown,89ef8cf35c2889f9e61bd61b97b96818a306cd7d,900.0,0.0,0.0,0,0,0.0,https://github.com/chrisclarkson/ukbb_str_pipeline,https://raw.githubusercontent.com/chrisclarkson/ukbb_str_pipeline/2d9149cef345d36010261938230a1d7f9cd91a33/ehv5_multi_original/Readme.developer.md,https://github.com/chrisclarkson/ukbb_str_pipeline/blob/2d9149cef345d36010261938230a1d7f9cd91a33/ehv5_multi_original/Readme.developer.md,,,,,
ukbb_str_pipeline,chrisclarkson,chrisclarkson/ukbb_str_pipeline,2d9149cef345d36010261938230a1d7f9cd91a33,02/10/2025,added,ehv5_multi_original/Readme.md,unknown,5cf24440c45a31a6f799a67360aa8005e00857ca,672.0,0.0,0.0,0,0,0.0,https://github.com/chrisclarkson/ukbb_str_pipeline,https://raw.githubusercontent.com/chrisclarkson/ukbb_str_pipeline/2d9149cef345d36010261938230a1d7f9cd91a33/ehv5_multi_original/Readme.md,https://github.com/chrisclarkson/ukbb_str_pipeline/blob/2d9149cef345d36010261938230a1d7f9cd91a33/ehv5_multi_original/Readme.md,,,,,
ukbb_str_pipeline,chrisclarkson,chrisclarkson/ukbb_str_pipeline,2d9149cef345d36010261938230a1d7f9cd91a33,02/10/2025,added,ehv5_multi_original/dxapp.json,application/json,2a1d586c40923f3859b5b9f9f32b7ce2705c584f,2134.0,0.002,0.0,0,0,0.0,https://github.com/chrisclarkson/ukbb_str_pipeline,https://raw.githubusercontent.com/chrisclarkson/ukbb_str_pipeline/2d9149cef345d36010261938230a1d7f9cd91a33/ehv5_multi_original/dxapp.json,https://github.com/chrisclarkson/ukbb_str_pipeline/blob/2d9149cef345d36010261938230a1d7f9cd91a33/ehv5_multi_original/dxapp.json,,,,,
ukbb_str_pipeline,chrisclarkson,chrisclarkson/ukbb_str_pipeline,2d9149cef345d36010261938230a1d7f9cd91a33,02/10/2025,added,ehv5_multi_original/resources/.DS_Store,unknown,8558ffab8af3e08dd32a91869f69a02bae7a413d,8196.0,0.007,nan,0,0,0.0,https://github.com/chrisclarkson/ukbb_str_pipeline,https://raw.githubusercontent.com/chrisclarkson/ukbb_str_pipeline/2d9149cef345d36010261938230a1d7f9cd91a33/ehv5_multi_original/resources/.DS_Store,https://github.com/chrisclarkson/ukbb_str_pipeline/blob/2d9149cef345d36010261938230a1d7f9cd91a33/ehv5_multi_original/resources/.DS_Store,,,,,
ukbb_str_pipeline,chrisclarkson,chrisclarkson/ukbb_str_pipeline,2d9149cef345d36010261938230a1d7f9cd91a33,02/10/2025,added,ehv5_multi_original/resources/usr/.DS_Store,unknown,1f5e109f5430b52aed9354f6b3f909d5b450a7af,8196.0,0.007,nan,0,0,0.0,https://github.com/chrisclarkson/ukbb_str_pipeline,https://raw.githubusercontent.com/chrisclarkson/ukbb_str_pipeline/2d9149cef345d36010261938230a1d7f9cd91a33/ehv5_multi_original/resources/usr/.DS_Store,https://github.com/chrisclarkson/ukbb_str_pipeline/blob/2d9149cef345d36010261938230a1d7f9cd91a33/ehv5_multi_original/resources/usr/.DS_Store,,,,,
ukbb_str_pipeline,chrisclarkson,chrisclarkson/ukbb_str_pipeline,2d9149cef345d36010261938230a1d7f9cd91a33,02/10/2025,added,ehv5_multi_original/resources/usr/bin/ExpansionHunter,unknown,7c3502430f93851aa4282d3f542b456353ab4334,15305512.0,14.596,nan,0,0,0.0,https://github.com/chrisclarkson/ukbb_str_pipeline,https://raw.githubusercontent.com/chrisclarkson/ukbb_str_pipeline/2d9149cef345d36010261938230a1d7f9cd91a33/ehv5_multi_original/resources/usr/bin/ExpansionHunter,https://github.com/chrisclarkson/ukbb_str_pipeline/blob/2d9149cef345d36010261938230a1d7f9cd91a33/ehv5_multi_original/resources/usr/bin/ExpansionHunter,,,,,
ukbb_str_pipeline,chrisclarkson,chrisclarkson/ukbb_str_pipeline,2d9149cef345d36010261938230a1d7f9cd91a33,02/10/2025,added,pileup_graph_aligner/Readme.md,unknown,d7aa1de2e4ff341c71b61f4d2691b2ad7d610762,684.0,0.0,0.0,0,0,0.0,https://github.com/chrisclarkson/ukbb_str_pipeline,https://raw.githubusercontent.com/chrisclarkson/ukbb_str_pipeline/2d9149cef345d36010261938230a1d7f9cd91a33/pileup_graph_aligner/Readme.md,https://github.com/chrisclarkson/ukbb_str_pipeline/blob/2d9149cef345d36010261938230a1d7f9cd91a33/pileup_graph_aligner/Readme.md,,,,,
ukbb_str_pipeline,chrisclarkson,chrisclarkson/ukbb_str_pipeline,2d9149cef345d36010261938230a1d7f9cd91a33,02/10/2025,added,ehv5_multi_original/resources/usr/bin/ExpansionHunter4,unknown,643a692a0991361755adeab88086b431d50ffe9d,7664280.0,7.309,nan,0,0,0.0,https://github.com/chrisclarkson/ukbb_str_pipeline,https://raw.githubusercontent.com/chrisclarkson/ukbb_str_pipeline/2d9149cef345d36010261938230a1d7f9cd91a33/ehv5_multi_original/resources/usr/bin/ExpansionHunter4,https://github.com/chrisclarkson/ukbb_str_pipeline/blob/2d9149cef345d36010261938230a1d7f9cd91a33/ehv5_multi_original/resources/usr/bin/ExpansionHunter4,,,,,
ukbb_str_pipeline,chrisclarkson,chrisclarkson/ukbb_str_pipeline,2d9149cef345d36010261938230a1d7f9cd91a33,02/10/2025,added,ehv5_multi_original/resources/usr/bin/ExpansionHunter5,unknown,7c3502430f93851aa4282d3f542b456353ab4334,15305512.0,14.596,nan,0,0,0.0,https://github.com/chrisclarkson/ukbb_str_pipeline,https://raw.githubusercontent.com/chrisclarkson/ukbb_str_pipeline/2d9149cef345d36010261938230a1d7f9cd91a33/ehv5_multi_original/resources/usr/bin/ExpansionHunter5,https://github.com/chrisclarkson/ukbb_str_pipeline/blob/2d9149cef345d36010261938230a1d7f9cd91a33/ehv5_multi_original/resources/usr/bin/ExpansionHunter5,,,,,
ukbb_str_pipeline,chrisclarkson,chrisclarkson/ukbb_str_pipeline,2d9149cef345d36010261938230a1d7f9cd91a33,02/10/2025,added,ehv5_multi_original/resources/usr/bin/dxfuse,unknown,e4489264498199d3c4a6c735ea75240e87cac5bf,12830352.0,12.235,nan,0,0,0.0,https://github.com/chrisclarkson/ukbb_str_pipeline,https://raw.githubusercontent.com/chrisclarkson/ukbb_str_pipeline/2d9149cef345d36010261938230a1d7f9cd91a33/ehv5_multi_original/resources/usr/bin/dxfuse,https://github.com/chrisclarkson/ukbb_str_pipeline/blob/2d9149cef345d36010261938230a1d7f9cd91a33/ehv5_multi_original/resources/usr/bin/dxfuse,,,,,
ukbb_str_pipeline,chrisclarkson,chrisclarkson/ukbb_str_pipeline,2d9149cef345d36010261938230a1d7f9cd91a33,02/10/2025,added,ehv5_multi_original/resources/usr/bin/sambamba,unknown,672733235d58d78987cbfe725a00c766af4cc71c,22248744.0,21.218,nan,0,0,0.0,https://github.com/chrisclarkson/ukbb_str_pipeline,https://raw.githubusercontent.com/chrisclarkson/ukbb_str_pipeline/2d9149cef345d36010261938230a1d7f9cd91a33/ehv5_multi_original/resources/usr/bin/sambamba,https://github.com/chrisclarkson/ukbb_str_pipeline/blob/2d9149cef345d36010261938230a1d7f9cd91a33/ehv5_multi_original/resources/usr/bin/sambamba,,,,,
ukbb_str_pipeline,chrisclarkson,chrisclarkson/ukbb_str_pipeline,2d9149cef345d36010261938230a1d7f9cd91a33,02/10/2025,added,ehv5_multi_original/src/ExpHunterV5.sh,application/x-sh,927786d2bd261206ae7bca2aeb53a2d7dd18d033,3060.0,0.002,0.0,0,0,0.0,https://github.com/chrisclarkson/ukbb_str_pipeline,https://raw.githubusercontent.com/chrisclarkson/ukbb_str_pipeline/2d9149cef345d36010261938230a1d7f9cd91a33/ehv5_multi_original/src/ExpHunterV5.sh,https://github.com/chrisclarkson/ukbb_str_pipeline/blob/2d9149cef345d36010261938230a1d7f9cd91a33/ehv5_multi_original/src/ExpHunterV5.sh,,,,,
ukbb_str_pipeline,chrisclarkson,chrisclarkson/ukbb_str_pipeline,2d9149cef345d36010261938230a1d7f9cd91a33,02/10/2025,added,pileup_graph_aligner/.DS_Store,unknown,8cfd2f98ad2cfcb099c991d80c8efbcd5f5710f1,10244.0,0.009,nan,0,0,0.0,https://github.com/chrisclarkson/ukbb_str_pipeline,https://raw.githubusercontent.com/chrisclarkson/ukbb_str_pipeline/2d9149cef345d36010261938230a1d7f9cd91a33/pileup_graph_aligner/.DS_Store,https://github.com/chrisclarkson/ukbb_str_pipeline/blob/2d9149cef345d36010261938230a1d7f9cd91a33/pileup_graph_aligner/.DS_Store,,,,,
ukbb_str_pipeline,chrisclarkson,chrisclarkson/ukbb_str_pipeline,2d9149cef345d36010261938230a1d7f9cd91a33,02/10/2025,added,pileup_graph_aligner/Readme.developer.md,unknown,6237df6182d8ae16248c65d3ede9102b02663060,909.0,0.0,0.0,0,0,0.0,https://github.com/chrisclarkson/ukbb_str_pipeline,https://raw.githubusercontent.com/chrisclarkson/ukbb_str_pipeline/2d9149cef345d36010261938230a1d7f9cd91a33/pileup_graph_aligner/Readme.developer.md,https://github.com/chrisclarkson/ukbb_str_pipeline/blob/2d9149cef345d36010261938230a1d7f9cd91a33/pileup_graph_aligner/Readme.developer.md,,,,,
ukbb_str_pipeline,chrisclarkson,chrisclarkson/ukbb_str_pipeline,2d9149cef345d36010261938230a1d7f9cd91a33,02/10/2025,added,prepare_data_for_pca/Readme.md,unknown,f126d3a74cd044bec46c7d78ff8a44a3b749ef8a,681.0,0.0,0.0,0,0,0.0,https://github.com/chrisclarkson/ukbb_str_pipeline,https://raw.githubusercontent.com/chrisclarkson/ukbb_str_pipeline/2d9149cef345d36010261938230a1d7f9cd91a33/prepare_data_for_pca/Readme.md,https://github.com/chrisclarkson/ukbb_str_pipeline/blob/2d9149cef345d36010261938230a1d7f9cd91a33/prepare_data_for_pca/Readme.md,,,,,
ukbb_str_pipeline,chrisclarkson,chrisclarkson/ukbb_str_pipeline,2d9149cef345d36010261938230a1d7f9cd91a33,02/10/2025,added,prepare_data_for_pca/resources/.DS_Store,unknown,99fbcc20a21d5f967f59ae10508095444586581b,8196.0,0.007,nan,0,0,0.0,https://github.com/chrisclarkson/ukbb_str_pipeline,https://raw.githubusercontent.com/chrisclarkson/ukbb_str_pipeline/2d9149cef345d36010261938230a1d7f9cd91a33/prepare_data_for_pca/resources/.DS_Store,https://github.com/chrisclarkson/ukbb_str_pipeline/blob/2d9149cef345d36010261938230a1d7f9cd91a33/prepare_data_for_pca/resources/.DS_Store,,,,,
ukbb_str_pipeline,chrisclarkson,chrisclarkson/ukbb_str_pipeline,2d9149cef345d36010261938230a1d7f9cd91a33,02/10/2025,added,prepare_data_for_pca/merge_list_symlink.txt,text/plain,52b43cf4a11f8d5e49a7f1b5393bd533bf30efa5,1550.0,0.001,0.0,0,0,0.0,https://github.com/chrisclarkson/ukbb_str_pipeline,https://raw.githubusercontent.com/chrisclarkson/ukbb_str_pipeline/2d9149cef345d36010261938230a1d7f9cd91a33/prepare_data_for_pca/merge_list_symlink.txt,https://github.com/chrisclarkson/ukbb_str_pipeline/blob/2d9149cef345d36010261938230a1d7f9cd91a33/prepare_data_for_pca/merge_list_symlink.txt,,,,,
ukbb_str_pipeline,chrisclarkson,chrisclarkson/ukbb_str_pipeline,2d9149cef345d36010261938230a1d7f9cd91a33,02/10/2025,added,test_app/format_RC_data_v0.R,text/x-r-source,278fb896d7943735b36dc2d38893b2e1727b723a,1045.0,0.0,0.0,0,0,0.0,https://github.com/chrisclarkson/ukbb_str_pipeline,https://raw.githubusercontent.com/chrisclarkson/ukbb_str_pipeline/2d9149cef345d36010261938230a1d7f9cd91a33/test_app/format_RC_data_v0.R,https://github.com/chrisclarkson/ukbb_str_pipeline/blob/2d9149cef345d36010261938230a1d7f9cd91a33/test_app/format_RC_data_v0.R,,,,,
ukbb_str_pipeline,chrisclarkson,chrisclarkson/ukbb_str_pipeline,2d9149cef345d36010261938230a1d7f9cd91a33,02/10/2025,added,test_app/resources/.DS_Store,unknown,ae37cf0e85157a6cb98f61d301c797178468f77f,8196.0,0.007,nan,0,0,0.0,https://github.com/chrisclarkson/ukbb_str_pipeline,https://raw.githubusercontent.com/chrisclarkson/ukbb_str_pipeline/2d9149cef345d36010261938230a1d7f9cd91a33/test_app/resources/.DS_Store,https://github.com/chrisclarkson/ukbb_str_pipeline/blob/2d9149cef345d36010261938230a1d7f9cd91a33/test_app/resources/.DS_Store,,,,,
ukbb_str_pipeline,chrisclarkson,chrisclarkson/ukbb_str_pipeline,2d9149cef345d36010261938230a1d7f9cd91a33,02/10/2025,added,test_app/resources/usr/.DS_Store,unknown,9d0aa8e286b15657de5825c69d1c0068d49e6463,8196.0,0.007,nan,0,0,0.0,https://github.com/chrisclarkson/ukbb_str_pipeline,https://raw.githubusercontent.com/chrisclarkson/ukbb_str_pipeline/2d9149cef345d36010261938230a1d7f9cd91a33/test_app/resources/usr/.DS_Store,https://github.com/chrisclarkson/ukbb_str_pipeline/blob/2d9149cef345d36010261938230a1d7f9cd91a33/test_app/resources/usr/.DS_Store,,,,,
ukbb_str_pipeline,chrisclarkson,chrisclarkson/ukbb_str_pipeline,2d9149cef345d36010261938230a1d7f9cd91a33,02/10/2025,added,test_app/resources/usr/bin/.DS_Store,unknown,e190d4eb107b8ee2e24643c3f59f5b1061377b81,6148.0,0.005,nan,0,0,0.0,https://github.com/chrisclarkson/ukbb_str_pipeline,https://raw.githubusercontent.com/chrisclarkson/ukbb_str_pipeline/2d9149cef345d36010261938230a1d7f9cd91a33/test_app/resources/usr/bin/.DS_Store,https://github.com/chrisclarkson/ukbb_str_pipeline/blob/2d9149cef345d36010261938230a1d7f9cd91a33/test_app/resources/usr/bin/.DS_Store,,,,,
ukbb_str_pipeline,chrisclarkson,chrisclarkson/ukbb_str_pipeline,2d9149cef345d36010261938230a1d7f9cd91a33,02/10/2025,added,test_app/resources/usr/bin/dxfuse,unknown,e4489264498199d3c4a6c735ea75240e87cac5bf,12830352.0,12.235,nan,0,0,0.0,https://github.com/chrisclarkson/ukbb_str_pipeline,https://raw.githubusercontent.com/chrisclarkson/ukbb_str_pipeline/2d9149cef345d36010261938230a1d7f9cd91a33/test_app/resources/usr/bin/dxfuse,https://github.com/chrisclarkson/ukbb_str_pipeline/blob/2d9149cef345d36010261938230a1d7f9cd91a33/test_app/resources/usr/bin/dxfuse,,,,,
ukbb_str_pipeline,chrisclarkson,chrisclarkson/ukbb_str_pipeline,2d9149cef345d36010261938230a1d7f9cd91a33,02/10/2025,added,test_app/resources/usr/bin/find_regex_genotypes_parallel_vcf.py,text/x-python,41c88e9d1bc0bf384aa21c3153a3d4290d194d51,13454.0,0.012,0.0,0,0,0.0,https://github.com/chrisclarkson/ukbb_str_pipeline,https://raw.githubusercontent.com/chrisclarkson/ukbb_str_pipeline/2d9149cef345d36010261938230a1d7f9cd91a33/test_app/resources/usr/bin/find_regex_genotypes_parallel_vcf.py,https://github.com/chrisclarkson/ukbb_str_pipeline/blob/2d9149cef345d36010261938230a1d7f9cd91a33/test_app/resources/usr/bin/find_regex_genotypes_parallel_vcf.py,,,,,
ukbb_str_pipeline,chrisclarkson,chrisclarkson/ukbb_str_pipeline,2d9149cef345d36010261938230a1d7f9cd91a33,02/10/2025,added,test_app/src/test_app.sh,application/x-sh,2e95ca48956ef07e938e28be526ea3a1f8a53752,2555.0,0.002,0.0,0,0,0.0,https://github.com/chrisclarkson/ukbb_str_pipeline,https://raw.githubusercontent.com/chrisclarkson/ukbb_str_pipeline/2d9149cef345d36010261938230a1d7f9cd91a33/test_app/src/test_app.sh,https://github.com/chrisclarkson/ukbb_str_pipeline/blob/2d9149cef345d36010261938230a1d7f9cd91a33/test_app/src/test_app.sh,,,,,
ukbb_str_pipeline,chrisclarkson,chrisclarkson/ukbb_str_pipeline,2d9149cef345d36010261938230a1d7f9cd91a33,02/10/2025,added,ukb-rap-pheno-column_naming_optimized.ipynb,application/x-ipynb+json,53cefeda7f411b553557b9d236ca60534f09e7d6,25570.0,0.024,0.0,0,0,0.0,https://github.com/chrisclarkson/ukbb_str_pipeline,https://raw.githubusercontent.com/chrisclarkson/ukbb_str_pipeline/2d9149cef345d36010261938230a1d7f9cd91a33/ukb-rap-pheno-column_naming_optimized.ipynb,https://github.com/chrisclarkson/ukbb_str_pipeline/blob/2d9149cef345d36010261938230a1d7f9cd91a33/ukb-rap-pheno-column_naming_optimized.ipynb,,,,,
ukbb_str_pipeline,chrisclarkson,chrisclarkson/ukbb_str_pipeline,2d9149cef345d36010261938230a1d7f9cd91a33,02/10/2025,added,ukbb_repeat_crawler/.DS_Store,unknown,8c06aaed919d7c273b1354605e20d624af0e232b,6148.0,0.005,nan,0,0,0.0,https://github.com/chrisclarkson/ukbb_str_pipeline,https://raw.githubusercontent.com/chrisclarkson/ukbb_str_pipeline/2d9149cef345d36010261938230a1d7f9cd91a33/ukbb_repeat_crawler/.DS_Store,https://github.com/chrisclarkson/ukbb_str_pipeline/blob/2d9149cef345d36010261938230a1d7f9cd91a33/ukbb_repeat_crawler/.DS_Store,,,,,
ukbb_str_pipeline,chrisclarkson,chrisclarkson/ukbb_str_pipeline,2d9149cef345d36010261938230a1d7f9cd91a33,02/10/2025,added,ukbb_repeat_crawler/AR_LEU_structure.json,application/json,56fff43ff03a575fdf44234917f44726158d3584,142.0,0.0,0.0,0,0,0.0,https://github.com/chrisclarkson/ukbb_str_pipeline,https://raw.githubusercontent.com/chrisclarkson/ukbb_str_pipeline/2d9149cef345d36010261938230a1d7f9cd91a33/ukbb_repeat_crawler/AR_LEU_structure.json,https://github.com/chrisclarkson/ukbb_str_pipeline/blob/2d9149cef345d36010261938230a1d7f9cd91a33/ukbb_repeat_crawler/AR_LEU_structure.json,,,,,
ukbb_str_pipeline,chrisclarkson,chrisclarkson/ukbb_str_pipeline,2d9149cef345d36010261938230a1d7f9cd91a33,02/10/2025,added,ukbb_repeat_crawler/Readme.developer.md,unknown,362acf645f1d82e36efe8aab2538345d4c94e9a1,908.0,0.0,0.0,0,0,0.0,https://github.com/chrisclarkson/ukbb_str_pipeline,https://raw.githubusercontent.com/chrisclarkson/ukbb_str_pipeline/2d9149cef345d36010261938230a1d7f9cd91a33/ukbb_repeat_crawler/Readme.developer.md,https://github.com/chrisclarkson/ukbb_str_pipeline/blob/2d9149cef345d36010261938230a1d7f9cd91a33/ukbb_repeat_crawler/Readme.developer.md,,,,,
ukbb_str_pipeline,chrisclarkson,chrisclarkson/ukbb_str_pipeline,2d9149cef345d36010261938230a1d7f9cd91a33,02/10/2025,added,ukbb_repeat_crawler/Readme.md,unknown,caedc992e97daa3bf85ade1aeef56300db044575,695.0,0.0,0.0,0,0,0.0,https://github.com/chrisclarkson/ukbb_str_pipeline,https://raw.githubusercontent.com/chrisclarkson/ukbb_str_pipeline/2d9149cef345d36010261938230a1d7f9cd91a33/ukbb_repeat_crawler/Readme.md,https://github.com/chrisclarkson/ukbb_str_pipeline/blob/2d9149cef345d36010261938230a1d7f9cd91a33/ukbb_repeat_crawler/Readme.md,,,,,
ukbb_str_pipeline,chrisclarkson,chrisclarkson/ukbb_str_pipeline,2d9149cef345d36010261938230a1d7f9cd91a33,02/10/2025,added,ukbb_repeat_crawler/dxapp.json,application/json,74b408a2bd235c6c08b9f18a20a67bae2366f6bc,2385.0,0.002,0.0,0,0,0.0,https://github.com/chrisclarkson/ukbb_str_pipeline,https://raw.githubusercontent.com/chrisclarkson/ukbb_str_pipeline/2d9149cef345d36010261938230a1d7f9cd91a33/ukbb_repeat_crawler/dxapp.json,https://github.com/chrisclarkson/ukbb_str_pipeline/blob/2d9149cef345d36010261938230a1d7f9cd91a33/ukbb_repeat_crawler/dxapp.json,,,,,
ukbb_str_pipeline,chrisclarkson,chrisclarkson/ukbb_str_pipeline,2d9149cef345d36010261938230a1d7f9cd91a33,02/10/2025,added,ukbb_repeat_crawler/resources/.DS_Store,unknown,b0092da4e3265fd17f1991ed86284fad453b6d0f,6148.0,0.005,nan,0,0,0.0,https://github.com/chrisclarkson/ukbb_str_pipeline,https://raw.githubusercontent.com/chrisclarkson/ukbb_str_pipeline/2d9149cef345d36010261938230a1d7f9cd91a33/ukbb_repeat_crawler/resources/.DS_Store,https://github.com/chrisclarkson/ukbb_str_pipeline/blob/2d9149cef345d36010261938230a1d7f9cd91a33/ukbb_repeat_crawler/resources/.DS_Store,,,,,
ukbb_str_pipeline,chrisclarkson,chrisclarkson/ukbb_str_pipeline,2d9149cef345d36010261938230a1d7f9cd91a33,02/10/2025,added,ukbb_repeat_crawler/resources/usr/bin/RC_latest.py,text/x-python,12713c48ae43c83f44b5d6be53070fde457ded32,16929.0,0.016,0.0,0,0,0.0,https://github.com/chrisclarkson/ukbb_str_pipeline,https://raw.githubusercontent.com/chrisclarkson/ukbb_str_pipeline/2d9149cef345d36010261938230a1d7f9cd91a33/ukbb_repeat_crawler/resources/usr/bin/RC_latest.py,https://github.com/chrisclarkson/ukbb_str_pipeline/blob/2d9149cef345d36010261938230a1d7f9cd91a33/ukbb_repeat_crawler/resources/usr/bin/RC_latest.py,,,,,
ukbb_str_pipeline,chrisclarkson,chrisclarkson/ukbb_str_pipeline,2d9149cef345d36010261938230a1d7f9cd91a33,02/10/2025,added,ukbb_repeat_crawler/resources/usr/bin/dxfuse,unknown,e4489264498199d3c4a6c735ea75240e87cac5bf,12830352.0,12.235,nan,0,0,0.0,https://github.com/chrisclarkson/ukbb_str_pipeline,https://raw.githubusercontent.com/chrisclarkson/ukbb_str_pipeline/2d9149cef345d36010261938230a1d7f9cd91a33/ukbb_repeat_crawler/resources/usr/bin/dxfuse,https://github.com/chrisclarkson/ukbb_str_pipeline/blob/2d9149cef345d36010261938230a1d7f9cd91a33/ukbb_repeat_crawler/resources/usr/bin/dxfuse,,,,,
ukbb_str_pipeline,chrisclarkson,chrisclarkson/ukbb_str_pipeline,2d9149cef345d36010261938230a1d7f9cd91a33,02/10/2025,added,test_app/phasing_args.R,text/x-r-source,d380258d854a3830577ba243caa234a41c7f1f69,7030.0,0.006,0.0,0,0,0.0,https://github.com/chrisclarkson/ukbb_str_pipeline,https://raw.githubusercontent.com/chrisclarkson/ukbb_str_pipeline/2d9149cef345d36010261938230a1d7f9cd91a33/test_app/phasing_args.R,https://github.com/chrisclarkson/ukbb_str_pipeline/blob/2d9149cef345d36010261938230a1d7f9cd91a33/test_app/phasing_args.R,,,,,
ukbb_str_pipeline,chrisclarkson,chrisclarkson/ukbb_str_pipeline,2d9149cef345d36010261938230a1d7f9cd91a33,02/10/2025,added,test_app/format_RC_data.R,text/x-r-source,40d2813740242feff90b1b18e5146c502e30c2a2,4040.0,0.003,0.0,0,0,0.0,https://github.com/chrisclarkson/ukbb_str_pipeline,https://raw.githubusercontent.com/chrisclarkson/ukbb_str_pipeline/2d9149cef345d36010261938230a1d7f9cd91a33/test_app/format_RC_data.R,https://github.com/chrisclarkson/ukbb_str_pipeline/blob/2d9149cef345d36010261938230a1d7f9cd91a33/test_app/format_RC_data.R,,,,,
ukbb_str_pipeline,chrisclarkson,chrisclarkson/ukbb_str_pipeline,2d9149cef345d36010261938230a1d7f9cd91a33,02/10/2025,added,prepare_data_for_pca/plink_merge_list.txt,text/plain,5ead8975459e18a2e536bfb5eccac8a34823f071,5016.0,0.004,0.0,0,0,0.0,https://github.com/chrisclarkson/ukbb_str_pipeline,https://raw.githubusercontent.com/chrisclarkson/ukbb_str_pipeline/2d9149cef345d36010261938230a1d7f9cd91a33/prepare_data_for_pca/plink_merge_list.txt,https://github.com/chrisclarkson/ukbb_str_pipeline/blob/2d9149cef345d36010261938230a1d7f9cd91a33/prepare_data_for_pca/plink_merge_list.txt,,,,,
ukbb_str_pipeline,chrisclarkson,chrisclarkson/ukbb_str_pipeline,2d9149cef345d36010261938230a1d7f9cd91a33,02/10/2025,added,test_app/dxapp.json,application/json,707da60339b4adf7218b7e92b9b5d4344b20b5ff,1410.0,0.001,0.0,0,0,0.0,https://github.com/chrisclarkson/ukbb_str_pipeline,https://raw.githubusercontent.com/chrisclarkson/ukbb_str_pipeline/2d9149cef345d36010261938230a1d7f9cd91a33/test_app/dxapp.json,https://github.com/chrisclarkson/ukbb_str_pipeline/blob/2d9149cef345d36010261938230a1d7f9cd91a33/test_app/dxapp.json,,,,,
ukbb_str_pipeline,chrisclarkson,chrisclarkson/ukbb_str_pipeline,2d9149cef345d36010261938230a1d7f9cd91a33,02/10/2025,added,ehv3_multi_original/resources/usr/bin/dxfuse,unknown,e4489264498199d3c4a6c735ea75240e87cac5bf,12830352.0,12.235,nan,0,0,0.0,https://github.com/chrisclarkson/ukbb_str_pipeline,https://raw.githubusercontent.com/chrisclarkson/ukbb_str_pipeline/2d9149cef345d36010261938230a1d7f9cd91a33/ehv3_multi_original/resources/usr/bin/dxfuse,https://github.com/chrisclarkson/ukbb_str_pipeline/blob/2d9149cef345d36010261938230a1d7f9cd91a33/ehv3_multi_original/resources/usr/bin/dxfuse,,,,,
ukbb_str_pipeline,chrisclarkson,chrisclarkson/ukbb_str_pipeline,2d9149cef345d36010261938230a1d7f9cd91a33,02/10/2025,added,prepare_data_for_pca/resources/usr/.DS_Store,unknown,cce117df954b24105fffc665b9ac3b36df5db72a,8196.0,0.007,nan,0,0,0.0,https://github.com/chrisclarkson/ukbb_str_pipeline,https://raw.githubusercontent.com/chrisclarkson/ukbb_str_pipeline/2d9149cef345d36010261938230a1d7f9cd91a33/prepare_data_for_pca/resources/usr/.DS_Store,https://github.com/chrisclarkson/ukbb_str_pipeline/blob/2d9149cef345d36010261938230a1d7f9cd91a33/prepare_data_for_pca/resources/usr/.DS_Store,,,,,
ukbb_str_pipeline,chrisclarkson,chrisclarkson/ukbb_str_pipeline,2d9149cef345d36010261938230a1d7f9cd91a33,02/10/2025,added,prepare_data_for_pca/resources/usr/bin/ExpansionHunter,unknown,7c3502430f93851aa4282d3f542b456353ab4334,15305512.0,14.596,nan,0,0,0.0,https://github.com/chrisclarkson/ukbb_str_pipeline,https://raw.githubusercontent.com/chrisclarkson/ukbb_str_pipeline/2d9149cef345d36010261938230a1d7f9cd91a33/prepare_data_for_pca/resources/usr/bin/ExpansionHunter,https://github.com/chrisclarkson/ukbb_str_pipeline/blob/2d9149cef345d36010261938230a1d7f9cd91a33/prepare_data_for_pca/resources/usr/bin/ExpansionHunter,,,,,
ukbb_str_pipeline,chrisclarkson,chrisclarkson/ukbb_str_pipeline,2d9149cef345d36010261938230a1d7f9cd91a33,02/10/2025,added,prepare_data_for_pca/resources/usr/bin/ExpansionHunter4,unknown,643a692a0991361755adeab88086b431d50ffe9d,7664280.0,7.309,nan,0,0,0.0,https://github.com/chrisclarkson/ukbb_str_pipeline,https://raw.githubusercontent.com/chrisclarkson/ukbb_str_pipeline/2d9149cef345d36010261938230a1d7f9cd91a33/prepare_data_for_pca/resources/usr/bin/ExpansionHunter4,https://github.com/chrisclarkson/ukbb_str_pipeline/blob/2d9149cef345d36010261938230a1d7f9cd91a33/prepare_data_for_pca/resources/usr/bin/ExpansionHunter4,,,,,
ukbb_str_pipeline,chrisclarkson,chrisclarkson/ukbb_str_pipeline,2d9149cef345d36010261938230a1d7f9cd91a33,02/10/2025,added,prepare_data_for_pca/resources/usr/bin/dxfuse,unknown,e4489264498199d3c4a6c735ea75240e87cac5bf,12830352.0,12.235,nan,0,0,0.0,https://github.com/chrisclarkson/ukbb_str_pipeline,https://raw.githubusercontent.com/chrisclarkson/ukbb_str_pipeline/2d9149cef345d36010261938230a1d7f9cd91a33/prepare_data_for_pca/resources/usr/bin/dxfuse,https://github.com/chrisclarkson/ukbb_str_pipeline/blob/2d9149cef345d36010261938230a1d7f9cd91a33/prepare_data_for_pca/resources/usr/bin/dxfuse,,,,,
ukbb_str_pipeline,chrisclarkson,chrisclarkson/ukbb_str_pipeline,2d9149cef345d36010261938230a1d7f9cd91a33,02/10/2025,added,prepare_data_for_pca/resources/usr/bin/impute2,unknown,4fbe6e034ead3aab9150a27859f42eeda3dba618,1331628.0,1.269,nan,0,0,0.0,https://github.com/chrisclarkson/ukbb_str_pipeline,https://raw.githubusercontent.com/chrisclarkson/ukbb_str_pipeline/2d9149cef345d36010261938230a1d7f9cd91a33/prepare_data_for_pca/resources/usr/bin/impute2,https://github.com/chrisclarkson/ukbb_str_pipeline/blob/2d9149cef345d36010261938230a1d7f9cd91a33/prepare_data_for_pca/resources/usr/bin/impute2,,,,,
ukbb_str_pipeline,chrisclarkson,chrisclarkson/ukbb_str_pipeline,2d9149cef345d36010261938230a1d7f9cd91a33,02/10/2025,added,prepare_data_for_pca/resources/usr/bin/iterative_missingness.sh,application/x-sh,1f4638ea0ca267007852275a445adedd8ad9314c,1191.0,0.001,0.0,0,0,0.0,https://github.com/chrisclarkson/ukbb_str_pipeline,https://raw.githubusercontent.com/chrisclarkson/ukbb_str_pipeline/2d9149cef345d36010261938230a1d7f9cd91a33/prepare_data_for_pca/resources/usr/bin/iterative_missingness.sh,https://github.com/chrisclarkson/ukbb_str_pipeline/blob/2d9149cef345d36010261938230a1d7f9cd91a33/prepare_data_for_pca/resources/usr/bin/iterative_missingness.sh,,,,,
ukbb_str_pipeline,chrisclarkson,chrisclarkson/ukbb_str_pipeline,2d9149cef345d36010261938230a1d7f9cd91a33,02/10/2025,added,prepare_data_for_pca/resources/usr/bin/plink,unknown,e9abdbe6ecb4f961abf1dbb84eb9d20fe907ee40,24408832.0,23.278,nan,0,0,0.0,https://github.com/chrisclarkson/ukbb_str_pipeline,https://raw.githubusercontent.com/chrisclarkson/ukbb_str_pipeline/2d9149cef345d36010261938230a1d7f9cd91a33/prepare_data_for_pca/resources/usr/bin/plink,https://github.com/chrisclarkson/ukbb_str_pipeline/blob/2d9149cef345d36010261938230a1d7f9cd91a33/prepare_data_for_pca/resources/usr/bin/plink,,,,,
ukbb_str_pipeline,chrisclarkson,chrisclarkson/ukbb_str_pipeline,2d9149cef345d36010261938230a1d7f9cd91a33,02/10/2025,added,prepare_data_for_pca/resources/usr/bin/plink2,unknown,83408208dfd03df96af74c29a9be533cd1c81b8e,24741256.0,23.595,nan,0,0,0.0,https://github.com/chrisclarkson/ukbb_str_pipeline,https://raw.githubusercontent.com/chrisclarkson/ukbb_str_pipeline/2d9149cef345d36010261938230a1d7f9cd91a33/prepare_data_for_pca/resources/usr/bin/plink2,https://github.com/chrisclarkson/ukbb_str_pipeline/blob/2d9149cef345d36010261938230a1d7f9cd91a33/prepare_data_for_pca/resources/usr/bin/plink2,,,,,
ukbb_str_pipeline,chrisclarkson,chrisclarkson/ukbb_str_pipeline,2d9149cef345d36010261938230a1d7f9cd91a33,02/10/2025,added,prepare_data_for_pca/src/compute_pcs.sh,application/x-sh,bcb277a5a22b82e4c62f4b23c044d4c2647d7267,5867.0,0.005,0.0,0,0,0.0,https://github.com/chrisclarkson/ukbb_str_pipeline,https://raw.githubusercontent.com/chrisclarkson/ukbb_str_pipeline/2d9149cef345d36010261938230a1d7f9cd91a33/prepare_data_for_pca/src/compute_pcs.sh,https://github.com/chrisclarkson/ukbb_str_pipeline/blob/2d9149cef345d36010261938230a1d7f9cd91a33/prepare_data_for_pca/src/compute_pcs.sh,,,,,
ukbb_str_pipeline,chrisclarkson,chrisclarkson/ukbb_str_pipeline,2d9149cef345d36010261938230a1d7f9cd91a33,02/10/2025,added,test_app/.DS_Store,unknown,3104f13e537172a6c0b8e83b8e30b40d8ee317ec,10244.0,0.009,nan,0,0,0.0,https://github.com/chrisclarkson/ukbb_str_pipeline,https://raw.githubusercontent.com/chrisclarkson/ukbb_str_pipeline/2d9149cef345d36010261938230a1d7f9cd91a33/test_app/.DS_Store,https://github.com/chrisclarkson/ukbb_str_pipeline/blob/2d9149cef345d36010261938230a1d7f9cd91a33/test_app/.DS_Store,,,,,
ukbb_str_pipeline,chrisclarkson,chrisclarkson/ukbb_str_pipeline,2d9149cef345d36010261938230a1d7f9cd91a33,02/10/2025,added,test_app/Readme.developer.md,unknown,e622544fce0eee38b9feca0ff0b7ee52343f18fe,897.0,0.0,0.0,0,0,0.0,https://github.com/chrisclarkson/ukbb_str_pipeline,https://raw.githubusercontent.com/chrisclarkson/ukbb_str_pipeline/2d9149cef345d36010261938230a1d7f9cd91a33/test_app/Readme.developer.md,https://github.com/chrisclarkson/ukbb_str_pipeline/blob/2d9149cef345d36010261938230a1d7f9cd91a33/test_app/Readme.developer.md,,,,,
ukbb_str_pipeline,chrisclarkson,chrisclarkson/ukbb_str_pipeline,2d9149cef345d36010261938230a1d7f9cd91a33,02/10/2025,added,test_app/Readme.md,unknown,fa377cc1ced60a0bdbd2b9be27914c3b8016b7b1,646.0,0.0,0.0,0,0,0.0,https://github.com/chrisclarkson/ukbb_str_pipeline,https://raw.githubusercontent.com/chrisclarkson/ukbb_str_pipeline/2d9149cef345d36010261938230a1d7f9cd91a33/test_app/Readme.md,https://github.com/chrisclarkson/ukbb_str_pipeline/blob/2d9149cef345d36010261938230a1d7f9cd91a33/test_app/Readme.md,,,,,
ukbb_str_pipeline,chrisclarkson,chrisclarkson/ukbb_str_pipeline,2d9149cef345d36010261938230a1d7f9cd91a33,02/10/2025,added,test_app/assemble_htt_rc.sh,application/x-sh,f2a358caa098ea6fbfdf9c3b4ddda37573b2563b,668.0,0.0,0.0,0,0,0.0,https://github.com/chrisclarkson/ukbb_str_pipeline,https://raw.githubusercontent.com/chrisclarkson/ukbb_str_pipeline/2d9149cef345d36010261938230a1d7f9cd91a33/test_app/assemble_htt_rc.sh,https://github.com/chrisclarkson/ukbb_str_pipeline/blob/2d9149cef345d36010261938230a1d7f9cd91a33/test_app/assemble_htt_rc.sh,,,,,
ukbb_str_pipeline,chrisclarkson,chrisclarkson/ukbb_str_pipeline,2d9149cef345d36010261938230a1d7f9cd91a33,02/10/2025,added,test_app/clean_data_count_alleles.R,text/x-r-source,922708853cfd36367445f937b8b17588faec0948,2991.0,0.002,0.0,0,0,0.0,https://github.com/chrisclarkson/ukbb_str_pipeline,https://raw.githubusercontent.com/chrisclarkson/ukbb_str_pipeline/2d9149cef345d36010261938230a1d7f9cd91a33/test_app/clean_data_count_alleles.R,https://github.com/chrisclarkson/ukbb_str_pipeline/blob/2d9149cef345d36010261938230a1d7f9cd91a33/test_app/clean_data_count_alleles.R,,,,,
ukbb_str_pipeline,chrisclarkson,chrisclarkson/ukbb_str_pipeline,2d9149cef345d36010261938230a1d7f9cd91a33,02/10/2025,added,ehv3_multi_original/resources/usr/bin/sambamba,unknown,672733235d58d78987cbfe725a00c766af4cc71c,22248744.0,21.218,nan,0,0,0.0,https://github.com/chrisclarkson/ukbb_str_pipeline,https://raw.githubusercontent.com/chrisclarkson/ukbb_str_pipeline/2d9149cef345d36010261938230a1d7f9cd91a33/ehv3_multi_original/resources/usr/bin/sambamba,https://github.com/chrisclarkson/ukbb_str_pipeline/blob/2d9149cef345d36010261938230a1d7f9cd91a33/ehv3_multi_original/resources/usr/bin/sambamba,,,,,
ukbb_str_pipeline,chrisclarkson,chrisclarkson/ukbb_str_pipeline,2d9149cef345d36010261938230a1d7f9cd91a33,02/10/2025,added,ehv3_multi_original/Readme.md,unknown,5cf24440c45a31a6f799a67360aa8005e00857ca,672.0,0.0,0.0,0,0,0.0,https://github.com/chrisclarkson/ukbb_str_pipeline,https://raw.githubusercontent.com/chrisclarkson/ukbb_str_pipeline/2d9149cef345d36010261938230a1d7f9cd91a33/ehv3_multi_original/Readme.md,https://github.com/chrisclarkson/ukbb_str_pipeline/blob/2d9149cef345d36010261938230a1d7f9cd91a33/ehv3_multi_original/Readme.md,,,,,
ukbb_str_pipeline,chrisclarkson,chrisclarkson/ukbb_str_pipeline,2d9149cef345d36010261938230a1d7f9cd91a33,02/10/2025,added,ehv3_multi_original/resources/usr/bin/ExpansionHunter4,unknown,643a692a0991361755adeab88086b431d50ffe9d,7664280.0,7.309,nan,0,0,0.0,https://github.com/chrisclarkson/ukbb_str_pipeline,https://raw.githubusercontent.com/chrisclarkson/ukbb_str_pipeline/2d9149cef345d36010261938230a1d7f9cd91a33/ehv3_multi_original/resources/usr/bin/ExpansionHunter4,https://github.com/chrisclarkson/ukbb_str_pipeline/blob/2d9149cef345d36010261938230a1d7f9cd91a33/ehv3_multi_original/resources/usr/bin/ExpansionHunter4,,,,,
ukbb_str_pipeline,chrisclarkson,chrisclarkson/ukbb_str_pipeline,58a099e06f551ab44fe46a19e3d1075821fd6287,04/02/2026,modified,.DS_Store,unknown,e9029a6774b296e2e19957556a7776ca2c5c7ef2,10244.0,0.009,nan,0,0,0.0,https://github.com/chrisclarkson/ukbb_str_pipeline,https://raw.githubusercontent.com/chrisclarkson/ukbb_str_pipeline/58a099e06f551ab44fe46a19e3d1075821fd6287/.DS_Store,https://github.com/chrisclarkson/ukbb_str_pipeline/blob/58a099e06f551ab44fe46a19e3d1075821fd6287/.DS_Store,,,,,
ukbb_str_pipeline,chrisclarkson,chrisclarkson/ukbb_str_pipeline,257decdafd3fd7160501eabe99682197ad33d53a,04/02/2026,modified,statistical_analysis/HTT_date_self_reported.R,text/x-r-source,67740fa9b180885b532ad62e6847ec3174e74a33,37979.0,0.036,0.0,0,0,0.0,https://github.com/chrisclarkson/ukbb_str_pipeline,https://raw.githubusercontent.com/chrisclarkson/ukbb_str_pipeline/257decdafd3fd7160501eabe99682197ad33d53a/statistical_analysis/HTT_date_self_reported.R,https://github.com/chrisclarkson/ukbb_str_pipeline/blob/257decdafd3fd7160501eabe99682197ad33d53a/statistical_analysis/HTT_date_self_reported.R,,,,,
ukbb_str_pipeline,chrisclarkson,chrisclarkson/ukbb_str_pipeline,257decdafd3fd7160501eabe99682197ad33d53a,04/02/2026,modified,statistical_analysis/HTT_study_cog_scores.R,text/x-r-source,91b39d58709000b3ac6d2a5a434bb809dfa34610,6186.0,0.005,0.0,0,0,0.0,https://github.com/chrisclarkson/ukbb_str_pipeline,https://raw.githubusercontent.com/chrisclarkson/ukbb_str_pipeline/257decdafd3fd7160501eabe99682197ad33d53a/statistical_analysis/HTT_study_cog_scores.R,https://github.com/chrisclarkson/ukbb_str_pipeline/blob/257decdafd3fd7160501eabe99682197ad33d53a/statistical_analysis/HTT_study_cog_scores.R,,,,,
ukbb_str_pipeline,chrisclarkson,chrisclarkson/ukbb_str_pipeline,257decdafd3fd7160501eabe99682197ad33d53a,04/02/2026,added,statistical_analysis/assemble_new_columns.R,text/x-r-source,df261f736a9033c0704b3bbb7d1b063267ba1ecc,5474.0,0.005,0.0,0,0,0.0,https://github.com/chrisclarkson/ukbb_str_pipeline,https://raw.githubusercontent.com/chrisclarkson/ukbb_str_pipeline/257decdafd3fd7160501eabe99682197ad33d53a/statistical_analysis/assemble_new_columns.R,https://github.com/chrisclarkson/ukbb_str_pipeline/blob/257decdafd3fd7160501eabe99682197ad33d53a/statistical_analysis/assemble_new_columns.R,,,,,
ukbb_str_pipeline,chrisclarkson,chrisclarkson/ukbb_str_pipeline,257decdafd3fd7160501eabe99682197ad33d53a,04/02/2026,added,statistical_analysis/bind_primary_clinical_terms_to_gt_data.R,text/x-r-source,10e1713f302d1d97ef832c46cdad14188144611f,4555.0,0.004,0.0,0,0,0.0,https://github.com/chrisclarkson/ukbb_str_pipeline,https://raw.githubusercontent.com/chrisclarkson/ukbb_str_pipeline/257decdafd3fd7160501eabe99682197ad33d53a/statistical_analysis/bind_primary_clinical_terms_to_gt_data.R,https://github.com/chrisclarkson/ukbb_str_pipeline/blob/257decdafd3fd7160501eabe99682197ad33d53a/statistical_analysis/bind_primary_clinical_terms_to_gt_data.R,,,,,
ukbb_str_pipeline,chrisclarkson,chrisclarkson/ukbb_str_pipeline,257decdafd3fd7160501eabe99682197ad33d53a,04/02/2026,added,statistical_analysis/extracting_icd10_codes_for_dating.R,text/x-r-source,31c5c6be17ae3a265680212ffcd907d8fa394b61,1459.0,0.001,0.0,0,0,0.0,https://github.com/chrisclarkson/ukbb_str_pipeline,https://raw.githubusercontent.com/chrisclarkson/ukbb_str_pipeline/257decdafd3fd7160501eabe99682197ad33d53a/statistical_analysis/extracting_icd10_codes_for_dating.R,https://github.com/chrisclarkson/ukbb_str_pipeline/blob/257decdafd3fd7160501eabe99682197ad33d53a/statistical_analysis/extracting_icd10_codes_for_dating.R,,,,,
ukbb_str_pipeline,chrisclarkson,chrisclarkson/ukbb_str_pipeline,257decdafd3fd7160501eabe99682197ad33d53a,04/02/2026,added,statistical_analysis/parse_icd10_dates.py,text/x-python,eef371ef78daaceb6f9022c9df734675ac51cea1,1125.0,0.001,0.0,0,0,0.0,https://github.com/chrisclarkson/ukbb_str_pipeline,https://raw.githubusercontent.com/chrisclarkson/ukbb_str_pipeline/257decdafd3fd7160501eabe99682197ad33d53a/statistical_analysis/parse_icd10_dates.py,https://github.com/chrisclarkson/ukbb_str_pipeline/blob/257decdafd3fd7160501eabe99682197ad33d53a/statistical_analysis/parse_icd10_dates.py,,,,,
ukbb_str_pipeline,chrisclarkson,chrisclarkson/ukbb_str_pipeline,257decdafd3fd7160501eabe99682197ad33d53a,04/02/2026,added,statistical_analysis/ukbb_encodings.txt,text/plain,403eb136636e5114a5f1d7004445934e3d9df2c8,40330.0,0.038,0.0,0,0,0.0,https://github.com/chrisclarkson/ukbb_str_pipeline,https://raw.githubusercontent.com/chrisclarkson/ukbb_str_pipeline/257decdafd3fd7160501eabe99682197ad33d53a/statistical_analysis/ukbb_encodings.txt,https://github.com/chrisclarkson/ukbb_str_pipeline/blob/257decdafd3fd7160501eabe99682197ad33d53a/statistical_analysis/ukbb_encodings.txt,,,,,
ukbb_str_pipeline,chrisclarkson,chrisclarkson/ukbb_str_pipeline,0424d6f6d0750e1cdc86f0533fa754736ff30cbc,03/02/2026,modified,.DS_Store,unknown,ab0a14a368585610bdc49aeb19d724ac1e890a33,10244.0,0.009,nan,0,0,0.0,https://github.com/chrisclarkson/ukbb_str_pipeline,https://raw.githubusercontent.com/chrisclarkson/ukbb_str_pipeline/0424d6f6d0750e1cdc86f0533fa754736ff30cbc/.DS_Store,https://github.com/chrisclarkson/ukbb_str_pipeline/blob/0424d6f6d0750e1cdc86f0533fa754736ff30cbc/.DS_Store,,,,,
ukbb_str_pipeline,chrisclarkson,chrisclarkson/ukbb_str_pipeline,0424d6f6d0750e1cdc86f0533fa754736ff30cbc,03/02/2026,modified,statistical_analysis/HTT_programming_henrique_sequence_of_events.R,text/x-r-source,55294bbdceccef1349f517bfdf1cde77ba066860,5560.0,0.005,0.0,0,0,0.0,https://github.com/chrisclarkson/ukbb_str_pipeline,https://raw.githubusercontent.com/chrisclarkson/ukbb_str_pipeline/0424d6f6d0750e1cdc86f0533fa754736ff30cbc/statistical_analysis/HTT_programming_henrique_sequence_of_events.R,https://github.com/chrisclarkson/ukbb_str_pipeline/blob/0424d6f6d0750e1cdc86f0533fa754736ff30cbc/statistical_analysis/HTT_programming_henrique_sequence_of_events.R,,,,,
ukbb_str_pipeline,chrisclarkson,chrisclarkson/ukbb_str_pipeline,f5911f8bf5e00b3edc0b8ad586775db01144c297,03/02/2026,modified,ukb-rap-pheno-column_naming_optimized.ipynb,application/x-ipynb+json,c4ed694df8efd1a36169cc28b1b9b31fd9b66b89,16098.0,0.015,0.0,0,0,0.0,https://github.com/chrisclarkson/ukbb_str_pipeline,https://raw.githubusercontent.com/chrisclarkson/ukbb_str_pipeline/f5911f8bf5e00b3edc0b8ad586775db01144c297/ukb-rap-pheno-column_naming_optimized.ipynb,https://github.com/chrisclarkson/ukbb_str_pipeline/blob/f5911f8bf5e00b3edc0b8ad586775db01144c297/ukb-rap-pheno-column_naming_optimized.ipynb,,,,,
ukbb_str_pipeline,chrisclarkson,chrisclarkson/ukbb_str_pipeline,b4455cdfa2ecaa194a22e3a8bb5d86700a360aad,02/12/2025,added,extracting_icd10_codes_for_dating.R,text/x-r-source,de6ff47ecd69ad1b34e2700f8a5f2e5fbc41f536,1261.0,0.001,0.0,0,0,0.0,https://github.com/chrisclarkson/ukbb_str_pipeline,https://raw.githubusercontent.com/chrisclarkson/ukbb_str_pipeline/b4455cdfa2ecaa194a22e3a8bb5d86700a360aad/extracting_icd10_codes_for_dating.R,https://github.com/chrisclarkson/ukbb_str_pipeline/blob/b4455cdfa2ecaa194a22e3a8bb5d86700a360aad/extracting_icd10_codes_for_dating.R,,,,,
ukbb_str_pipeline,chrisclarkson,chrisclarkson/ukbb_str_pipeline,d3da8a6e1008c7af298dd0ddbc7d093112c84895,04/11/2025,added,ukbb_match_dates_questionnaires.py,text/x-python,1fda35dfffdf9f2c25298d080d26b2ff10fc2fa5,2058.0,0.001,0.0,0,0,0.0,https://github.com/chrisclarkson/ukbb_str_pipeline,https://raw.githubusercontent.com/chrisclarkson/ukbb_str_pipeline/d3da8a6e1008c7af298dd0ddbc7d093112c84895/ukbb_match_dates_questionnaires.py,https://github.com/chrisclarkson/ukbb_str_pipeline/blob/d3da8a6e1008c7af298dd0ddbc7d093112c84895/ukbb_match_dates_questionnaires.py,,,,,
ukbb_str_pipeline,chrisclarkson,chrisclarkson/ukbb_str_pipeline,40ba8e3a28fc8115696db80863c42436d48f9468,29/10/2025,added,statistical_analysis/HTT_date_self_reported.R,text/x-r-source,dcd32d14d11c9f8ca08824473253a8e620dc23c1,38062.0,0.036,0.0,0,0,0.0,https://github.com/chrisclarkson/ukbb_str_pipeline,https://raw.githubusercontent.com/chrisclarkson/ukbb_str_pipeline/40ba8e3a28fc8115696db80863c42436d48f9468/statistical_analysis/HTT_date_self_reported.R,https://github.com/chrisclarkson/ukbb_str_pipeline/blob/40ba8e3a28fc8115696db80863c42436d48f9468/statistical_analysis/HTT_date_self_reported.R,,,,,
ukbb_str_pipeline,chrisclarkson,chrisclarkson/ukbb_str_pipeline,40ba8e3a28fc8115696db80863c42436d48f9468,29/10/2025,added,statistical_analysis/HTT_study_cog_scores.R,text/x-r-source,690c5f837c09b9a55843a838b507de3a85fb8d7e,6283.0,0.005,0.0,0,0,0.0,https://github.com/chrisclarkson/ukbb_str_pipeline,https://raw.githubusercontent.com/chrisclarkson/ukbb_str_pipeline/40ba8e3a28fc8115696db80863c42436d48f9468/statistical_analysis/HTT_study_cog_scores.R,https://github.com/chrisclarkson/ukbb_str_pipeline/blob/40ba8e3a28fc8115696db80863c42436d48f9468/statistical_analysis/HTT_study_cog_scores.R,,,,,
ukbb_str_pipeline,chrisclarkson,chrisclarkson/ukbb_str_pipeline,24152c232f7fd39d328970d9ce72eefde2523be8,29/10/2025,added,statistical_analysis/HTT_assessing_rates_across_stages.R,text/x-r-source,962aeb7393f0f0572b56d1908660a8314c0ce4fc,10672.0,0.01,0.0,0,0,0.0,https://github.com/chrisclarkson/ukbb_str_pipeline,https://raw.githubusercontent.com/chrisclarkson/ukbb_str_pipeline/24152c232f7fd39d328970d9ce72eefde2523be8/statistical_analysis/HTT_assessing_rates_across_stages.R,https://github.com/chrisclarkson/ukbb_str_pipeline/blob/24152c232f7fd39d328970d9ce72eefde2523be8/statistical_analysis/HTT_assessing_rates_across_stages.R,,,,,
ukbb_str_pipeline,chrisclarkson,chrisclarkson/ukbb_str_pipeline,58a099e06f551ab44fe46a19e3d1075821fd6287,04/02/2026,added,statistical_analysis/README.md,unknown,460a1ecad6703fc9ea1875f73222224b608f40ca,132.0,0.0,0.0,0,0,0.0,https://github.com/chrisclarkson/ukbb_str_pipeline,https://raw.githubusercontent.com/chrisclarkson/ukbb_str_pipeline/58a099e06f551ab44fe46a19e3d1075821fd6287/statistical_analysis/README.md,https://github.com/chrisclarkson/ukbb_str_pipeline/blob/58a099e06f551ab44fe46a19e3d1075821fd6287/statistical_analysis/README.md,,,,,
ukbb_str_pipeline,chrisclarkson,chrisclarkson/ukbb_str_pipeline,63d1abf109daa4b6901eb2571480cab4e83c94bc,04/02/2026,modified,statistical_analysis/README.md,unknown,f563a2bd2a16358a4b662e4328a9f000aeb5858b,1285.0,0.001,0.0,0,0,0.0,https://github.com/chrisclarkson/ukbb_str_pipeline,https://raw.githubusercontent.com/chrisclarkson/ukbb_str_pipeline/63d1abf109daa4b6901eb2571480cab4e83c94bc/statistical_analysis/README.md,https://github.com/chrisclarkson/ukbb_str_pipeline/blob/63d1abf109daa4b6901eb2571480cab4e83c94bc/statistical_analysis/README.md,,,,,
ukbb_str_pipeline,chrisclarkson,chrisclarkson/ukbb_str_pipeline,2d9149cef345d36010261938230a1d7f9cd91a33,02/10/2025,added,ehv3_multi_original/resources/usr/bin/ExpansionHunter,unknown,bc6b2e3eb690b056eb1519882d237c2d09f29bf7,7551832.0,7.201,nan,0,0,0.0,https://github.com/chrisclarkson/ukbb_str_pipeline,https://raw.githubusercontent.com/chrisclarkson/ukbb_str_pipeline/2d9149cef345d36010261938230a1d7f9cd91a33/ehv3_multi_original/resources/usr/bin/ExpansionHunter,https://github.com/chrisclarkson/ukbb_str_pipeline/blob/2d9149cef345d36010261938230a1d7f9cd91a33/ehv3_multi_original/resources/usr/bin/ExpansionHunter,,,,,
ukbb_str_pipeline,chrisclarkson,chrisclarkson/ukbb_str_pipeline,b67fc660cd6470ed9114510f4a7e83701ca699fd,04/02/2026,modified,statistical_analysis/README.md,unknown,3af100417e4159fbece31d1bf4f8dfcb240d5fc5,1287.0,0.001,0.0,0,0,0.0,https://github.com/chrisclarkson/ukbb_str_pipeline,https://raw.githubusercontent.com/chrisclarkson/ukbb_str_pipeline/b67fc660cd6470ed9114510f4a7e83701ca699fd/statistical_analysis/README.md,https://github.com/chrisclarkson/ukbb_str_pipeline/blob/b67fc660cd6470ed9114510f4a7e83701ca699fd/statistical_analysis/README.md,,,,,
ukbb_str_pipeline,chrisclarkson,chrisclarkson/ukbb_str_pipeline,3bd8afaf09c99feb4526821e513dc037144ad519,11/02/2026,added,brain_imaging_columns.tsv,text/tab-separated-values,762145852ff6f1155691ecd309d0cd10b36f4ab7,346145.0,0.33,0.0,0,0,0.0,https://github.com/chrisclarkson/ukbb_str_pipeline,https://raw.githubusercontent.com/chrisclarkson/ukbb_str_pipeline/3bd8afaf09c99feb4526821e513dc037144ad519/brain_imaging_columns.tsv,https://github.com/chrisclarkson/ukbb_str_pipeline/blob/3bd8afaf09c99feb4526821e513dc037144ad519/brain_imaging_columns.tsv,,,,,
ukbb_str_pipeline,chrisclarkson,chrisclarkson/ukbb_str_pipeline,3bd8afaf09c99feb4526821e513dc037144ad519,11/02/2026,added,htt_statistical_analysis/.DS_Store,unknown,5008ddfcf53c02e82d7eee2e57c38e5672ef89f6,6148.0,0.005,nan,0,0,0.0,https://github.com/chrisclarkson/ukbb_str_pipeline,https://raw.githubusercontent.com/chrisclarkson/ukbb_str_pipeline/3bd8afaf09c99feb4526821e513dc037144ad519/htt_statistical_analysis/.DS_Store,https://github.com/chrisclarkson/ukbb_str_pipeline/blob/3bd8afaf09c99feb4526821e513dc037144ad519/htt_statistical_analysis/.DS_Store,,,,,
ukbb_str_pipeline,chrisclarkson,chrisclarkson/ukbb_str_pipeline,3bd8afaf09c99feb4526821e513dc037144ad519,11/02/2026,added,htt_statistical_analysis/HTT_score_all_individual.R,text/x-r-source,a73ec90f34aac5b3b42fd02cfcada39e9a1b349b,7032.0,0.006,0.0,0,0,0.0,https://github.com/chrisclarkson/ukbb_str_pipeline,https://raw.githubusercontent.com/chrisclarkson/ukbb_str_pipeline/3bd8afaf09c99feb4526821e513dc037144ad519/htt_statistical_analysis/HTT_score_all_individual.R,https://github.com/chrisclarkson/ukbb_str_pipeline/blob/3bd8afaf09c99feb4526821e513dc037144ad519/htt_statistical_analysis/HTT_score_all_individual.R,,,,,
ukbb_str_pipeline,chrisclarkson,chrisclarkson/ukbb_str_pipeline,3bd8afaf09c99feb4526821e513dc037144ad519,11/02/2026,added,htt_statistical_analysis/htt_clinical_scoring_system.csv,text/csv,79d7b366fde44d6f8f5c8d4fe12efac6e1784b48,21729.0,0.02,0.0,0,0,0.0,https://github.com/chrisclarkson/ukbb_str_pipeline,https://raw.githubusercontent.com/chrisclarkson/ukbb_str_pipeline/3bd8afaf09c99feb4526821e513dc037144ad519/htt_statistical_analysis/htt_clinical_scoring_system.csv,https://github.com/chrisclarkson/ukbb_str_pipeline/blob/3bd8afaf09c99feb4526821e513dc037144ad519/htt_statistical_analysis/htt_clinical_scoring_system.csv,,,,,
ukbb_str_pipeline,chrisclarkson,chrisclarkson/ukbb_str_pipeline,3bd8afaf09c99feb4526821e513dc037144ad519,11/02/2026,added,htt_statistical_analysis/programming_henrique_HTT_algorithm_all_CAP_gt90_at_recruitment.R,text/x-r-source,d53a66b6bed20e4d599aa6c21ce45c42d907270e,9952.0,0.009,0.0,0,0,0.0,https://github.com/chrisclarkson/ukbb_str_pipeline,https://raw.githubusercontent.com/chrisclarkson/ukbb_str_pipeline/3bd8afaf09c99feb4526821e513dc037144ad519/htt_statistical_analysis/programming_henrique_HTT_algorithm_all_CAP_gt90_at_recruitment.R,https://github.com/chrisclarkson/ukbb_str_pipeline/blob/3bd8afaf09c99feb4526821e513dc037144ad519/htt_statistical_analysis/programming_henrique_HTT_algorithm_all_CAP_gt90_at_recruitment.R,,,,,
ukbb_str_pipeline,chrisclarkson,chrisclarkson/ukbb_str_pipeline,3bd8afaf09c99feb4526821e513dc037144ad519,11/02/2026,modified,pileup_graph_aligner/Readme.md,unknown,8553dbbfa6714934d1cd61e4513e6c1d8a49a0dd,683.0,0.0,0.0,0,0,0.0,https://github.com/chrisclarkson/ukbb_str_pipeline,https://raw.githubusercontent.com/chrisclarkson/ukbb_str_pipeline/3bd8afaf09c99feb4526821e513dc037144ad519/pileup_graph_aligner/Readme.md,https://github.com/chrisclarkson/ukbb_str_pipeline/blob/3bd8afaf09c99feb4526821e513dc037144ad519/pileup_graph_aligner/Readme.md,,,,,
ukbb_str_pipeline,chrisclarkson,chrisclarkson/ukbb_str_pipeline,6953198ecbe3d6abcedba9aa95739b0f8a50cb58,04/02/2026,renamed_similarity_100%,htt_statistical_analysis/HTT_assessing_rates_across_stages.R,text/x-r-source,962aeb7393f0f0572b56d1908660a8314c0ce4fc,10672.0,0.01,0.0,0,0,0.0,https://github.com/chrisclarkson/ukbb_str_pipeline,https://raw.githubusercontent.com/chrisclarkson/ukbb_str_pipeline/6953198ecbe3d6abcedba9aa95739b0f8a50cb58/htt_statistical_analysis/HTT_assessing_rates_across_stages.R,https://github.com/chrisclarkson/ukbb_str_pipeline/blob/6953198ecbe3d6abcedba9aa95739b0f8a50cb58/htt_statistical_analysis/HTT_assessing_rates_across_stages.R,,,statistical_analysis/HTT_assessing_rates_across_stages.R,,
ukbb_str_pipeline,chrisclarkson,chrisclarkson/ukbb_str_pipeline,6953198ecbe3d6abcedba9aa95739b0f8a50cb58,04/02/2026,modified,htt_statistical_analysis/HTT_date_self_reported.R,text/x-r-source,67740fa9b180885b532ad62e6847ec3174e74a33,37979.0,0.036,0.0,0,0,0.0,https://github.com/chrisclarkson/ukbb_str_pipeline,https://raw.githubusercontent.com/chrisclarkson/ukbb_str_pipeline/6953198ecbe3d6abcedba9aa95739b0f8a50cb58/htt_statistical_analysis/HTT_date_self_reported.R,https://github.com/chrisclarkson/ukbb_str_pipeline/blob/6953198ecbe3d6abcedba9aa95739b0f8a50cb58/htt_statistical_analysis/HTT_date_self_reported.R,,,,,
ukbb_str_pipeline,chrisclarkson,chrisclarkson/ukbb_str_pipeline,6953198ecbe3d6abcedba9aa95739b0f8a50cb58,04/02/2026,modified,htt_statistical_analysis/HTT_programming_henrique_sequence_of_events.R,text/x-r-source,55294bbdceccef1349f517bfdf1cde77ba066860,5560.0,0.005,0.0,0,0,0.0,https://github.com/chrisclarkson/ukbb_str_pipeline,https://raw.githubusercontent.com/chrisclarkson/ukbb_str_pipeline/6953198ecbe3d6abcedba9aa95739b0f8a50cb58/htt_statistical_analysis/HTT_programming_henrique_sequence_of_events.R,https://github.com/chrisclarkson/ukbb_str_pipeline/blob/6953198ecbe3d6abcedba9aa95739b0f8a50cb58/htt_statistical_analysis/HTT_programming_henrique_sequence_of_events.R,,,,,
ukbb_str_pipeline,chrisclarkson,chrisclarkson/ukbb_str_pipeline,6953198ecbe3d6abcedba9aa95739b0f8a50cb58,04/02/2026,modified,htt_statistical_analysis/HTT_study_cog_scores.R,text/x-r-source,91b39d58709000b3ac6d2a5a434bb809dfa34610,6186.0,0.005,0.0,0,0,0.0,https://github.com/chrisclarkson/ukbb_str_pipeline,https://raw.githubusercontent.com/chrisclarkson/ukbb_str_pipeline/6953198ecbe3d6abcedba9aa95739b0f8a50cb58/htt_statistical_analysis/HTT_study_cog_scores.R,https://github.com/chrisclarkson/ukbb_str_pipeline/blob/6953198ecbe3d6abcedba9aa95739b0f8a50cb58/htt_statistical_analysis/HTT_study_cog_scores.R,,,,,
ukbb_str_pipeline,chrisclarkson,chrisclarkson/ukbb_str_pipeline,6953198ecbe3d6abcedba9aa95739b0f8a50cb58,04/02/2026,renamed_similarity_100%,htt_statistical_analysis/README.md,unknown,3af100417e4159fbece31d1bf4f8dfcb240d5fc5,1287.0,0.001,0.0,0,0,0.0,https://github.com/chrisclarkson/ukbb_str_pipeline,https://raw.githubusercontent.com/chrisclarkson/ukbb_str_pipeline/6953198ecbe3d6abcedba9aa95739b0f8a50cb58/htt_statistical_analysis/README.md,https://github.com/chrisclarkson/ukbb_str_pipeline/blob/6953198ecbe3d6abcedba9aa95739b0f8a50cb58/htt_statistical_analysis/README.md,,,statistical_analysis/README.md,,
ukbb_str_pipeline,chrisclarkson,chrisclarkson/ukbb_str_pipeline,6953198ecbe3d6abcedba9aa95739b0f8a50cb58,04/02/2026,renamed_similarity_100%,htt_statistical_analysis/assemble_new_columns.R,text/x-r-source,df261f736a9033c0704b3bbb7d1b063267ba1ecc,5474.0,0.005,0.0,0,0,0.0,https://github.com/chrisclarkson/ukbb_str_pipeline,https://raw.githubusercontent.com/chrisclarkson/ukbb_str_pipeline/6953198ecbe3d6abcedba9aa95739b0f8a50cb58/htt_statistical_analysis/assemble_new_columns.R,https://github.com/chrisclarkson/ukbb_str_pipeline/blob/6953198ecbe3d6abcedba9aa95739b0f8a50cb58/htt_statistical_analysis/assemble_new_columns.R,,,statistical_analysis/assemble_new_columns.R,,
ukbb_str_pipeline,chrisclarkson,chrisclarkson/ukbb_str_pipeline,6953198ecbe3d6abcedba9aa95739b0f8a50cb58,04/02/2026,renamed_similarity_100%,htt_statistical_analysis/bind_primary_clinical_terms_to_gt_data.R,text/x-r-source,10e1713f302d1d97ef832c46cdad14188144611f,4555.0,0.004,0.0,0,0,0.0,https://github.com/chrisclarkson/ukbb_str_pipeline,https://raw.githubusercontent.com/chrisclarkson/ukbb_str_pipeline/6953198ecbe3d6abcedba9aa95739b0f8a50cb58/htt_statistical_analysis/bind_primary_clinical_terms_to_gt_data.R,https://github.com/chrisclarkson/ukbb_str_pipeline/blob/6953198ecbe3d6abcedba9aa95739b0f8a50cb58/htt_statistical_analysis/bind_primary_clinical_terms_to_gt_data.R,,,statistical_analysis/bind_primary_clinical_terms_to_gt_data.R,,
ukbb_str_pipeline,chrisclarkson,chrisclarkson/ukbb_str_pipeline,6953198ecbe3d6abcedba9aa95739b0f8a50cb58,04/02/2026,renamed_similarity_100%,htt_statistical_analysis/extracting_icd10_codes_for_dating.R,text/x-r-source,31c5c6be17ae3a265680212ffcd907d8fa394b61,1459.0,0.001,0.0,0,0,0.0,https://github.com/chrisclarkson/ukbb_str_pipeline,https://raw.githubusercontent.com/chrisclarkson/ukbb_str_pipeline/6953198ecbe3d6abcedba9aa95739b0f8a50cb58/htt_statistical_analysis/extracting_icd10_codes_for_dating.R,https://github.com/chrisclarkson/ukbb_str_pipeline/blob/6953198ecbe3d6abcedba9aa95739b0f8a50cb58/htt_statistical_analysis/extracting_icd10_codes_for_dating.R,,,statistical_analysis/extracting_icd10_codes_for_dating.R,,
ukbb_str_pipeline,chrisclarkson,chrisclarkson/ukbb_str_pipeline,6953198ecbe3d6abcedba9aa95739b0f8a50cb58,04/02/2026,renamed_similarity_100%,htt_statistical_analysis/ukbb_encodings.txt,text/plain,403eb136636e5114a5f1d7004445934e3d9df2c8,40330.0,0.038,0.0,0,0,0.0,https://github.com/chrisclarkson/ukbb_str_pipeline,https://raw.githubusercontent.com/chrisclarkson/ukbb_str_pipeline/6953198ecbe3d6abcedba9aa95739b0f8a50cb58/htt_statistical_analysis/ukbb_encodings.txt,https://github.com/chrisclarkson/ukbb_str_pipeline/blob/6953198ecbe3d6abcedba9aa95739b0f8a50cb58/htt_statistical_analysis/ukbb_encodings.txt,,,statistical_analysis/ukbb_encodings.txt,,
ukbb_str_pipeline,chrisclarkson,chrisclarkson/ukbb_str_pipeline,24152c232f7fd39d328970d9ce72eefde2523be8,29/10/2025,added,statistical_analysis/HTT_programming_henrique_sequence_of_events.R,text/x-r-source,bfc77eab4d5d9658c9ef893902fcb7b5d32982a8,3932.0,0.003,0.0,0,0,0.0,https://github.com/chrisclarkson/ukbb_str_pipeline,https://raw.githubusercontent.com/chrisclarkson/ukbb_str_pipeline/24152c232f7fd39d328970d9ce72eefde2523be8/statistical_analysis/HTT_programming_henrique_sequence_of_events.R,https://github.com/chrisclarkson/ukbb_str_pipeline/blob/24152c232f7fd39d328970d9ce72eefde2523be8/statistical_analysis/HTT_programming_henrique_sequence_of_events.R,,,,,
ukbb_str_pipeline,chrisclarkson,chrisclarkson/ukbb_str_pipeline,e4d504e1b6bea74292d156e0fbd024bcc35321fd,09/10/2025,renamed_similarity_100%,htt_statistical_analysis/HTT_date_self_reported.R,text/x-r-source,398890b057555bece93fe1444cba6a0e6b2d7fdb,37467.0,0.035,0.0,0,0,0.0,https://github.com/chrisclarkson/ukbb_str_pipeline,https://raw.githubusercontent.com/chrisclarkson/ukbb_str_pipeline/e4d504e1b6bea74292d156e0fbd024bcc35321fd/htt_statistical_analysis/HTT_date_self_reported.R,https://github.com/chrisclarkson/ukbb_str_pipeline/blob/e4d504e1b6bea74292d156e0fbd024bcc35321fd/htt_statistical_analysis/HTT_date_self_reported.R,,,HTT_date_self_reported.R,,
ukbb_str_pipeline,chrisclarkson,chrisclarkson/ukbb_str_pipeline,e4d504e1b6bea74292d156e0fbd024bcc35321fd,09/10/2025,renamed_similarity_100%,htt_statistical_analysis/HTT_programming_henrique_sequence_of_events.R,text/x-r-source,a3157f9939bc3e9b4c06c3afa77a0cb09ab3df49,3910.0,0.003,0.0,0,0,0.0,https://github.com/chrisclarkson/ukbb_str_pipeline,https://raw.githubusercontent.com/chrisclarkson/ukbb_str_pipeline/e4d504e1b6bea74292d156e0fbd024bcc35321fd/htt_statistical_analysis/HTT_programming_henrique_sequence_of_events.R,https://github.com/chrisclarkson/ukbb_str_pipeline/blob/e4d504e1b6bea74292d156e0fbd024bcc35321fd/htt_statistical_analysis/HTT_programming_henrique_sequence_of_events.R,,,HTT_programming_henrique_sequence_of_events.R,,
ukbb_str_pipeline,chrisclarkson,chrisclarkson/ukbb_str_pipeline,e4d504e1b6bea74292d156e0fbd024bcc35321fd,09/10/2025,renamed_similarity_100%,htt_statistical_analysis/HTT_study_cog_scores.R,text/x-r-source,2881a998036424f161e29ed0b38d9b98e6ab30f7,6066.0,0.005,0.0,0,0,0.0,https://github.com/chrisclarkson/ukbb_str_pipeline,https://raw.githubusercontent.com/chrisclarkson/ukbb_str_pipeline/e4d504e1b6bea74292d156e0fbd024bcc35321fd/htt_statistical_analysis/HTT_study_cog_scores.R,https://github.com/chrisclarkson/ukbb_str_pipeline/blob/e4d504e1b6bea74292d156e0fbd024bcc35321fd/htt_statistical_analysis/HTT_study_cog_scores.R,,,HTT_study_cog_scores.R,,
ukbb_str_pipeline,chrisclarkson,chrisclarkson/ukbb_str_pipeline,2d9149cef345d36010261938230a1d7f9cd91a33,02/10/2025,added,compute_pcs_step2/resources/usr/bin/ExpansionHunter,unknown,7c3502430f93851aa4282d3f542b456353ab4334,15305512.0,14.596,nan,0,0,0.0,https://github.com/chrisclarkson/ukbb_str_pipeline,https://raw.githubusercontent.com/chrisclarkson/ukbb_str_pipeline/2d9149cef345d36010261938230a1d7f9cd91a33/compute_pcs_step2/resources/usr/bin/ExpansionHunter,https://github.com/chrisclarkson/ukbb_str_pipeline/blob/2d9149cef345d36010261938230a1d7f9cd91a33/compute_pcs_step2/resources/usr/bin/ExpansionHunter,,,,,
ukbb_str_pipeline,chrisclarkson,chrisclarkson/ukbb_str_pipeline,2d9149cef345d36010261938230a1d7f9cd91a33,02/10/2025,added,compute_pcs_step2/resources/usr/bin/ExpansionHunter4,unknown,643a692a0991361755adeab88086b431d50ffe9d,7664280.0,7.309,nan,0,0,0.0,https://github.com/chrisclarkson/ukbb_str_pipeline,https://raw.githubusercontent.com/chrisclarkson/ukbb_str_pipeline/2d9149cef345d36010261938230a1d7f9cd91a33/compute_pcs_step2/resources/usr/bin/ExpansionHunter4,https://github.com/chrisclarkson/ukbb_str_pipeline/blob/2d9149cef345d36010261938230a1d7f9cd91a33/compute_pcs_step2/resources/usr/bin/ExpansionHunter4,,,,,
ukbb_str_pipeline,chrisclarkson,chrisclarkson/ukbb_str_pipeline,2d9149cef345d36010261938230a1d7f9cd91a33,02/10/2025,added,compute_pcs_step2/resources/usr/bin/dxfuse,unknown,e4489264498199d3c4a6c735ea75240e87cac5bf,12830352.0,12.235,nan,0,0,0.0,https://github.com/chrisclarkson/ukbb_str_pipeline,https://raw.githubusercontent.com/chrisclarkson/ukbb_str_pipeline/2d9149cef345d36010261938230a1d7f9cd91a33/compute_pcs_step2/resources/usr/bin/dxfuse,https://github.com/chrisclarkson/ukbb_str_pipeline/blob/2d9149cef345d36010261938230a1d7f9cd91a33/compute_pcs_step2/resources/usr/bin/dxfuse,,,,,
ukbb_str_pipeline,chrisclarkson,chrisclarkson/ukbb_str_pipeline,2d9149cef345d36010261938230a1d7f9cd91a33,02/10/2025,added,compute_pcs_step2/resources/usr/bin/impute2,unknown,4fbe6e034ead3aab9150a27859f42eeda3dba618,1331628.0,1.269,nan,0,0,0.0,https://github.com/chrisclarkson/ukbb_str_pipeline,https://raw.githubusercontent.com/chrisclarkson/ukbb_str_pipeline/2d9149cef345d36010261938230a1d7f9cd91a33/compute_pcs_step2/resources/usr/bin/impute2,https://github.com/chrisclarkson/ukbb_str_pipeline/blob/2d9149cef345d36010261938230a1d7f9cd91a33/compute_pcs_step2/resources/usr/bin/impute2,,,,,
ukbb_str_pipeline,chrisclarkson,chrisclarkson/ukbb_str_pipeline,2d9149cef345d36010261938230a1d7f9cd91a33,02/10/2025,added,compute_pcs_step2/resources/usr/bin/iterative_missingness.sh,application/x-sh,b88a59637fcdadc05b53f948310ddb45952f07c8,1192.0,0.001,0.0,0,0,0.0,https://github.com/chrisclarkson/ukbb_str_pipeline,https://raw.githubusercontent.com/chrisclarkson/ukbb_str_pipeline/2d9149cef345d36010261938230a1d7f9cd91a33/compute_pcs_step2/resources/usr/bin/iterative_missingness.sh,https://github.com/chrisclarkson/ukbb_str_pipeline/blob/2d9149cef345d36010261938230a1d7f9cd91a33/compute_pcs_step2/resources/usr/bin/iterative_missingness.sh,,,,,
ukbb_str_pipeline,chrisclarkson,chrisclarkson/ukbb_str_pipeline,2d9149cef345d36010261938230a1d7f9cd91a33,02/10/2025,added,compute_pcs_step2/resources/usr/bin/plink,unknown,75f7bc1f1f63ede482ae3c8f4ee727833288b7f7,5684469.0,5.421,nan,0,0,0.0,https://github.com/chrisclarkson/ukbb_str_pipeline,https://raw.githubusercontent.com/chrisclarkson/ukbb_str_pipeline/2d9149cef345d36010261938230a1d7f9cd91a33/compute_pcs_step2/resources/usr/bin/plink,https://github.com/chrisclarkson/ukbb_str_pipeline/blob/2d9149cef345d36010261938230a1d7f9cd91a33/compute_pcs_step2/resources/usr/bin/plink,,,,,
ukbb_str_pipeline,chrisclarkson,chrisclarkson/ukbb_str_pipeline,2d9149cef345d36010261938230a1d7f9cd91a33,02/10/2025,added,compute_pcs_step2/resources/usr/bin/plink2,unknown,83408208dfd03df96af74c29a9be533cd1c81b8e,24741256.0,23.595,nan,0,0,0.0,https://github.com/chrisclarkson/ukbb_str_pipeline,https://raw.githubusercontent.com/chrisclarkson/ukbb_str_pipeline/2d9149cef345d36010261938230a1d7f9cd91a33/compute_pcs_step2/resources/usr/bin/plink2,https://github.com/chrisclarkson/ukbb_str_pipeline/blob/2d9149cef345d36010261938230a1d7f9cd91a33/compute_pcs_step2/resources/usr/bin/plink2,,,,,
ukbb_str_pipeline,chrisclarkson,chrisclarkson/ukbb_str_pipeline,2d9149cef345d36010261938230a1d7f9cd91a33,02/10/2025,added,compute_pcs_step2/resources/usr/bin/vcf_subset,unknown,645ed9f7a87d49fae4c575c6cd7090fe20305d13,2325968.0,2.218,nan,0,0,0.0,https://github.com/chrisclarkson/ukbb_str_pipeline,https://raw.githubusercontent.com/chrisclarkson/ukbb_str_pipeline/2d9149cef345d36010261938230a1d7f9cd91a33/compute_pcs_step2/resources/usr/bin/vcf_subset,https://github.com/chrisclarkson/ukbb_str_pipeline/blob/2d9149cef345d36010261938230a1d7f9cd91a33/compute_pcs_step2/resources/usr/bin/vcf_subset,,,,,
ukbb_str_pipeline,chrisclarkson,chrisclarkson/ukbb_str_pipeline,2d9149cef345d36010261938230a1d7f9cd91a33,02/10/2025,added,compute_pcs_step2/src/compute_pcs.sh,application/x-sh,5f8f9be894de70c04f23728d7740d94f6ae4cf54,1379.0,0.001,0.0,0,0,0.0,https://github.com/chrisclarkson/ukbb_str_pipeline,https://raw.githubusercontent.com/chrisclarkson/ukbb_str_pipeline/2d9149cef345d36010261938230a1d7f9cd91a33/compute_pcs_step2/src/compute_pcs.sh,https://github.com/chrisclarkson/ukbb_str_pipeline/blob/2d9149cef345d36010261938230a1d7f9cd91a33/compute_pcs_step2/src/compute_pcs.sh,,,,,
ukbb_str_pipeline,chrisclarkson,chrisclarkson/ukbb_str_pipeline,2d9149cef345d36010261938230a1d7f9cd91a33,02/10/2025,added,create_submission_ehv5_multi.py,text/x-python,0b837c85c42e0443b09c9de5daf8b2d9fa4459b6,1719.0,0.001,0.0,0,0,0.0,https://github.com/chrisclarkson/ukbb_str_pipeline,https://raw.githubusercontent.com/chrisclarkson/ukbb_str_pipeline/2d9149cef345d36010261938230a1d7f9cd91a33/create_submission_ehv5_multi.py,https://github.com/chrisclarkson/ukbb_str_pipeline/blob/2d9149cef345d36010261938230a1d7f9cd91a33/create_submission_ehv5_multi.py,,,,,
ukbb_str_pipeline,chrisclarkson,chrisclarkson/ukbb_str_pipeline,2d9149cef345d36010261938230a1d7f9cd91a33,02/10/2025,added,delete,unknown,527f2be1f430ca653558691c99f6864cfb909be9,1421.0,0.001,0.0,0,0,0.0,https://github.com/chrisclarkson/ukbb_str_pipeline,https://raw.githubusercontent.com/chrisclarkson/ukbb_str_pipeline/2d9149cef345d36010261938230a1d7f9cd91a33/delete,https://github.com/chrisclarkson/ukbb_str_pipeline/blob/2d9149cef345d36010261938230a1d7f9cd91a33/delete,,,,,
ukbb_str_pipeline,chrisclarkson,chrisclarkson/ukbb_str_pipeline,2d9149cef345d36010261938230a1d7f9cd91a33,02/10/2025,added,ehv3_multi_original/.DS_Store,unknown,981746f9de5d6d1a526e30bd8fa434b4ca3e513a,10244.0,0.009,nan,0,0,0.0,https://github.com/chrisclarkson/ukbb_str_pipeline,https://raw.githubusercontent.com/chrisclarkson/ukbb_str_pipeline/2d9149cef345d36010261938230a1d7f9cd91a33/ehv3_multi_original/.DS_Store,https://github.com/chrisclarkson/ukbb_str_pipeline/blob/2d9149cef345d36010261938230a1d7f9cd91a33/ehv3_multi_original/.DS_Store,,,,,
ukbb_str_pipeline,chrisclarkson,chrisclarkson/ukbb_str_pipeline,2d9149cef345d36010261938230a1d7f9cd91a33,02/10/2025,added,ehv3_multi_original/Readme.developer.md,unknown,89ef8cf35c2889f9e61bd61b97b96818a306cd7d,900.0,0.0,0.0,0,0,0.0,https://github.com/chrisclarkson/ukbb_str_pipeline,https://raw.githubusercontent.com/chrisclarkson/ukbb_str_pipeline/2d9149cef345d36010261938230a1d7f9cd91a33/ehv3_multi_original/Readme.developer.md,https://github.com/chrisclarkson/ukbb_str_pipeline/blob/2d9149cef345d36010261938230a1d7f9cd91a33/ehv3_multi_original/Readme.developer.md,,,,,
ukbb_str_pipeline,chrisclarkson,chrisclarkson/ukbb_str_pipeline,3bd8afaf09c99feb4526821e513dc037144ad519,11/02/2026,modified,.DS_Store,unknown,b39ca05e03fad1460501eee5eb07ed0000bdaed3,12292.0,0.011,nan,0,0,0.0,https://github.com/chrisclarkson/ukbb_str_pipeline,https://raw.githubusercontent.com/chrisclarkson/ukbb_str_pipeline/3bd8afaf09c99feb4526821e513dc037144ad519/.DS_Store,https://github.com/chrisclarkson/ukbb_str_pipeline/blob/3bd8afaf09c99feb4526821e513dc037144ad519/.DS_Store,,,,,
ukbb_str_pipeline,chrisclarkson,chrisclarkson/ukbb_str_pipeline,2d9149cef345d36010261938230a1d7f9cd91a33,02/10/2025,added,ehv3_multi_original/dxapp.json,application/json,ca87fa709bc96e4bbb2094ce067f22761222ffa4,2134.0,0.002,0.0,0,0,0.0,https://github.com/chrisclarkson/ukbb_str_pipeline,https://raw.githubusercontent.com/chrisclarkson/ukbb_str_pipeline/2d9149cef345d36010261938230a1d7f9cd91a33/ehv3_multi_original/dxapp.json,https://github.com/chrisclarkson/ukbb_str_pipeline/blob/2d9149cef345d36010261938230a1d7f9cd91a33/ehv3_multi_original/dxapp.json,,,,,
ukbb_str_pipeline,chrisclarkson,chrisclarkson/ukbb_str_pipeline,2d9149cef345d36010261938230a1d7f9cd91a33,02/10/2025,added,compute_pcs_step2/resources/usr/.DS_Store,unknown,ac227b00428346d426aa71ee345cdb7e3a488310,8196.0,0.007,nan,0,0,0.0,https://github.com/chrisclarkson/ukbb_str_pipeline,https://raw.githubusercontent.com/chrisclarkson/ukbb_str_pipeline/2d9149cef345d36010261938230a1d7f9cd91a33/compute_pcs_step2/resources/usr/.DS_Store,https://github.com/chrisclarkson/ukbb_str_pipeline/blob/2d9149cef345d36010261938230a1d7f9cd91a33/compute_pcs_step2/resources/usr/.DS_Store,,,,,
ukbb_str_pipeline,chrisclarkson,chrisclarkson/ukbb_str_pipeline,2d9149cef345d36010261938230a1d7f9cd91a33,02/10/2025,added,compute_pcs_step2/resources/.DS_Store,unknown,986f9124f3449b38ea70643826bb27caa56bce22,8196.0,0.007,nan,0,0,0.0,https://github.com/chrisclarkson/ukbb_str_pipeline,https://raw.githubusercontent.com/chrisclarkson/ukbb_str_pipeline/2d9149cef345d36010261938230a1d7f9cd91a33/compute_pcs_step2/resources/.DS_Store,https://github.com/chrisclarkson/ukbb_str_pipeline/blob/2d9149cef345d36010261938230a1d7f9cd91a33/compute_pcs_step2/resources/.DS_Store,,,,,
ukbb_str_pipeline,chrisclarkson,chrisclarkson/ukbb_str_pipeline,2d9149cef345d36010261938230a1d7f9cd91a33,02/10/2025,added,compute_pcs_step2/plink_merge_list.txt,text/plain,5ead8975459e18a2e536bfb5eccac8a34823f071,5016.0,0.004,0.0,0,0,0.0,https://github.com/chrisclarkson/ukbb_str_pipeline,https://raw.githubusercontent.com/chrisclarkson/ukbb_str_pipeline/2d9149cef345d36010261938230a1d7f9cd91a33/compute_pcs_step2/plink_merge_list.txt,https://github.com/chrisclarkson/ukbb_str_pipeline/blob/2d9149cef345d36010261938230a1d7f9cd91a33/compute_pcs_step2/plink_merge_list.txt,,,,,
ukbb_str_pipeline,chrisclarkson,chrisclarkson/ukbb_str_pipeline,682725fc7d3962ec96ee8683c5f1dc2913babc7a,02/10/2025,added,eids_sex_path_sample_file.csv,text/csv,7efaa9a272e0ce670b71086e0ece3c8edd395791,3210.0,0.003,0.0,0,0,0.0,https://github.com/chrisclarkson/ukbb_str_pipeline,https://raw.githubusercontent.com/chrisclarkson/ukbb_str_pipeline/682725fc7d3962ec96ee8683c5f1dc2913babc7a/eids_sex_path_sample_file.csv,https://github.com/chrisclarkson/ukbb_str_pipeline/blob/682725fc7d3962ec96ee8683c5f1dc2913babc7a/eids_sex_path_sample_file.csv,,,,,
ukbb_str_pipeline,chrisclarkson,chrisclarkson/ukbb_str_pipeline,e4d504e1b6bea74292d156e0fbd024bcc35321fd,09/10/2025,renamed_similarity_100%,htt_statistical_analysis/parse_icd10_dates.py,text/x-python,eef371ef78daaceb6f9022c9df734675ac51cea1,1125.0,0.001,0.0,0,0,0.0,https://github.com/chrisclarkson/ukbb_str_pipeline,https://raw.githubusercontent.com/chrisclarkson/ukbb_str_pipeline/e4d504e1b6bea74292d156e0fbd024bcc35321fd/htt_statistical_analysis/parse_icd10_dates.py,https://github.com/chrisclarkson/ukbb_str_pipeline/blob/e4d504e1b6bea74292d156e0fbd024bcc35321fd/htt_statistical_analysis/parse_icd10_dates.py,,,parse_icd10_dates.py,,
ukbb_str_pipeline,chrisclarkson,chrisclarkson/ukbb_str_pipeline,b1682eb674d5bbce7a82e7b2e8485f9f0abed80a,09/10/2025,modified,.DS_Store,unknown,f682c30e004f514115cd20b81a3dc3d4a045446f,10244.0,0.009,nan,0,0,0.0,https://github.com/chrisclarkson/ukbb_str_pipeline,https://raw.githubusercontent.com/chrisclarkson/ukbb_str_pipeline/b1682eb674d5bbce7a82e7b2e8485f9f0abed80a/.DS_Store,https://github.com/chrisclarkson/ukbb_str_pipeline/blob/b1682eb674d5bbce7a82e7b2e8485f9f0abed80a/.DS_Store,,,,,
ukbb_str_pipeline,chrisclarkson,chrisclarkson/ukbb_str_pipeline,b1682eb674d5bbce7a82e7b2e8485f9f0abed80a,09/10/2025,added,HTT_date_self_reported.R,text/x-r-source,398890b057555bece93fe1444cba6a0e6b2d7fdb,37467.0,0.035,0.0,0,0,0.0,https://github.com/chrisclarkson/ukbb_str_pipeline,https://raw.githubusercontent.com/chrisclarkson/ukbb_str_pipeline/b1682eb674d5bbce7a82e7b2e8485f9f0abed80a/HTT_date_self_reported.R,https://github.com/chrisclarkson/ukbb_str_pipeline/blob/b1682eb674d5bbce7a82e7b2e8485f9f0abed80a/HTT_date_self_reported.R,,,,,
ukbb_str_pipeline,chrisclarkson,chrisclarkson/ukbb_str_pipeline,b1682eb674d5bbce7a82e7b2e8485f9f0abed80a,09/10/2025,added,HTT_programming_henrique_sequence_of_events.R,text/x-r-source,a3157f9939bc3e9b4c06c3afa77a0cb09ab3df49,3910.0,0.003,0.0,0,0,0.0,https://github.com/chrisclarkson/ukbb_str_pipeline,https://raw.githubusercontent.com/chrisclarkson/ukbb_str_pipeline/b1682eb674d5bbce7a82e7b2e8485f9f0abed80a/HTT_programming_henrique_sequence_of_events.R,https://github.com/chrisclarkson/ukbb_str_pipeline/blob/b1682eb674d5bbce7a82e7b2e8485f9f0abed80a/HTT_programming_henrique_sequence_of_events.R,,,,,
ukbb_str_pipeline,chrisclarkson,chrisclarkson/ukbb_str_pipeline,b1682eb674d5bbce7a82e7b2e8485f9f0abed80a,09/10/2025,added,HTT_study_cog_scores.R,text/x-r-source,2881a998036424f161e29ed0b38d9b98e6ab30f7,6066.0,0.005,0.0,0,0,0.0,https://github.com/chrisclarkson/ukbb_str_pipeline,https://raw.githubusercontent.com/chrisclarkson/ukbb_str_pipeline/b1682eb674d5bbce7a82e7b2e8485f9f0abed80a/HTT_study_cog_scores.R,https://github.com/chrisclarkson/ukbb_str_pipeline/blob/b1682eb674d5bbce7a82e7b2e8485f9f0abed80a/HTT_study_cog_scores.R,,,,,
ukbb_str_pipeline,chrisclarkson,chrisclarkson/ukbb_str_pipeline,b1682eb674d5bbce7a82e7b2e8485f9f0abed80a,09/10/2025,added,parse_icd10_dates.py,text/x-python,eef371ef78daaceb6f9022c9df734675ac51cea1,1125.0,0.001,0.0,0,0,0.0,https://github.com/chrisclarkson/ukbb_str_pipeline,https://raw.githubusercontent.com/chrisclarkson/ukbb_str_pipeline/b1682eb674d5bbce7a82e7b2e8485f9f0abed80a/parse_icd10_dates.py,https://github.com/chrisclarkson/ukbb_str_pipeline/blob/b1682eb674d5bbce7a82e7b2e8485f9f0abed80a/parse_icd10_dates.py,,,,,
ukbb_str_pipeline,chrisclarkson,chrisclarkson/ukbb_str_pipeline,2d9149cef345d36010261938230a1d7f9cd91a33,02/10/2025,added,.DS_Store,unknown,4c9134a350e466565948cb51a01185e20f35338e,10244.0,0.009,nan,0,0,0.0,https://github.com/chrisclarkson/ukbb_str_pipeline,https://raw.githubusercontent.com/chrisclarkson/ukbb_str_pipeline/2d9149cef345d36010261938230a1d7f9cd91a33/.DS_Store,https://github.com/chrisclarkson/ukbb_str_pipeline/blob/2d9149cef345d36010261938230a1d7f9cd91a33/.DS_Store,,,,,
ukbb_str_pipeline,chrisclarkson,chrisclarkson/ukbb_str_pipeline,2d9149cef345d36010261938230a1d7f9cd91a33,02/10/2025,added,compute_pcs_step2/merge_list_symlink.txt,text/plain,52b43cf4a11f8d5e49a7f1b5393bd533bf30efa5,1550.0,0.001,0.0,0,0,0.0,https://github.com/chrisclarkson/ukbb_str_pipeline,https://raw.githubusercontent.com/chrisclarkson/ukbb_str_pipeline/2d9149cef345d36010261938230a1d7f9cd91a33/compute_pcs_step2/merge_list_symlink.txt,https://github.com/chrisclarkson/ukbb_str_pipeline/blob/2d9149cef345d36010261938230a1d7f9cd91a33/compute_pcs_step2/merge_list_symlink.txt,,,,,
ukbb_str_pipeline,chrisclarkson,chrisclarkson/ukbb_str_pipeline,2d9149cef345d36010261938230a1d7f9cd91a33,02/10/2025,added,.tar.gz,unknown,da2d52988559017acfb6864ae4b0a5750f5c663c,140.0,0.0,nan,0,0,0.0,https://github.com/chrisclarkson/ukbb_str_pipeline,https://raw.githubusercontent.com/chrisclarkson/ukbb_str_pipeline/2d9149cef345d36010261938230a1d7f9cd91a33/.tar.gz,https://github.com/chrisclarkson/ukbb_str_pipeline/blob/2d9149cef345d36010261938230a1d7f9cd91a33/.tar.gz,,,,,
ukbb_str_pipeline,chrisclarkson,chrisclarkson/ukbb_str_pipeline,2d9149cef345d36010261938230a1d7f9cd91a33,02/10/2025,added,AR_LEU_structure.json,application/json,37b8e242923d26b6ca2b775d49ff1a1480754b89,216.0,0.0,0.0,0,0,0.0,https://github.com/chrisclarkson/ukbb_str_pipeline,https://raw.githubusercontent.com/chrisclarkson/ukbb_str_pipeline/2d9149cef345d36010261938230a1d7f9cd91a33/AR_LEU_structure.json,https://github.com/chrisclarkson/ukbb_str_pipeline/blob/2d9149cef345d36010261938230a1d7f9cd91a33/AR_LEU_structure.json,,,,,
ukbb_str_pipeline,chrisclarkson,chrisclarkson/ukbb_str_pipeline,2d9149cef345d36010261938230a1d7f9cd91a33,02/10/2025,added,compute_pcs_step2/.DS_Store,unknown,b77911e1bd809047c9e796cd46f311e105e80583,8196.0,0.007,nan,0,0,0.0,https://github.com/chrisclarkson/ukbb_str_pipeline,https://raw.githubusercontent.com/chrisclarkson/ukbb_str_pipeline/2d9149cef345d36010261938230a1d7f9cd91a33/compute_pcs_step2/.DS_Store,https://github.com/chrisclarkson/ukbb_str_pipeline/blob/2d9149cef345d36010261938230a1d7f9cd91a33/compute_pcs_step2/.DS_Store,,,,,
ukbb_str_pipeline,chrisclarkson,chrisclarkson/ukbb_str_pipeline,2d9149cef345d36010261938230a1d7f9cd91a33,02/10/2025,added,compute_pcs_step2/Readme.developer.md,unknown,5b53786cd71ecd4ea357f779a752f2657032da2e,900.0,0.0,0.0,0,0,0.0,https://github.com/chrisclarkson/ukbb_str_pipeline,https://raw.githubusercontent.com/chrisclarkson/ukbb_str_pipeline/2d9149cef345d36010261938230a1d7f9cd91a33/compute_pcs_step2/Readme.developer.md,https://github.com/chrisclarkson/ukbb_str_pipeline/blob/2d9149cef345d36010261938230a1d7f9cd91a33/compute_pcs_step2/Readme.developer.md,,,,,
ukbb_str_pipeline,chrisclarkson,chrisclarkson/ukbb_str_pipeline,2d9149cef345d36010261938230a1d7f9cd91a33,02/10/2025,added,compute_pcs_step2/Readme.md,unknown,f126d3a74cd044bec46c7d78ff8a44a3b749ef8a,681.0,0.0,0.0,0,0,0.0,https://github.com/chrisclarkson/ukbb_str_pipeline,https://raw.githubusercontent.com/chrisclarkson/ukbb_str_pipeline/2d9149cef345d36010261938230a1d7f9cd91a33/compute_pcs_step2/Readme.md,https://github.com/chrisclarkson/ukbb_str_pipeline/blob/2d9149cef345d36010261938230a1d7f9cd91a33/compute_pcs_step2/Readme.md,,,,,
ukbb_str_pipeline,chrisclarkson,chrisclarkson/ukbb_str_pipeline,2d9149cef345d36010261938230a1d7f9cd91a33,02/10/2025,added,compute_pcs_step2/dxapp.json,application/json,77dabb4fda1c553dc5639202ab887879081834ad,1034.0,0.0,0.0,0,0,0.0,https://github.com/chrisclarkson/ukbb_str_pipeline,https://raw.githubusercontent.com/chrisclarkson/ukbb_str_pipeline/2d9149cef345d36010261938230a1d7f9cd91a33/compute_pcs_step2/dxapp.json,https://github.com/chrisclarkson/ukbb_str_pipeline/blob/2d9149cef345d36010261938230a1d7f9cd91a33/compute_pcs_step2/dxapp.json,,,,,
ukbb_str_pipeline,chrisclarkson,chrisclarkson/ukbb_str_pipeline,2d9149cef345d36010261938230a1d7f9cd91a33,02/10/2025,added,ukbb_repeat_crawler/src/ukbb_repeat_crawler.sh,application/x-sh,69d2063fdbf8856d446a468e15d2238238cf87a8,2842.0,0.002,0.0,0,0,0.0,https://github.com/chrisclarkson/ukbb_str_pipeline,https://raw.githubusercontent.com/chrisclarkson/ukbb_str_pipeline/2d9149cef345d36010261938230a1d7f9cd91a33/ukbb_repeat_crawler/src/ukbb_repeat_crawler.sh,https://github.com/chrisclarkson/ukbb_str_pipeline/blob/2d9149cef345d36010261938230a1d7f9cd91a33/ukbb_repeat_crawler/src/ukbb_repeat_crawler.sh,,,,,
